Time (sec),Thrust (N),Temperature (Â°C)
0.001,0.27888975,382.23
0.002,0.9113953,382.23
0.003,1.7547363,382.23
0.004,3.2305827,382.23
0.005,4.4955935,382.23
0.006,5.5497694,382.23
0.007,6.603946,382.23
0.008,6.8147817,382.23
0.008,6.393111,382.23
0.009,5.760606,382.23
-203.159,5.128099,382.23
0.011,5.3389344,382.23
0.012,5.3389344,382.23
0.013,5.760606,382.23
0.014,6.393111,382.23
0.015,7.447287,382.23
0.016,8.501463,382.23
0.017,9.344804,382.23
0.018,9.555639,382.23
0.019,9.977309,382.23
0.019,9.344804,382.23
0.021,8.923134,382.23
0.022,8.079793,382.23
0.023,7.236452,382.23
0.024,6.8147817,382.23
0.025,6.8147817,382.23
0.026,7.0256166,382.23
0.027,7.6581225,382.23
0.028,7.8689575,382.23
0.029,8.079793,382.23
0.03,7.8689575,382.23
0.03,7.447287,382.23
0.031,7.0256166,382.23
0.032,5.971441,382.23
0.033,5.3389344,382.23
0.034,4.917264,382.23
0.035,3.8630881,382.23
0.036,3.441418,382.23
0.037,2.8089123,382.23
0.038,2.3872418,382.23
0.039,2.3872418,382.23
0.04,2.598077,382.23
0.041,3.0197475,382.23
0.041,3.2305827,382.23
0.042,2.8089123,382.23
-203.159,2.8089123,382.23
0.044,1.9655715,382.23
0.045,1.1222305,382.23
0.046,0.27888975,382.23
3.262,0.06805456,382.23
3.264,0.27888975,382.23
3.265,0.27888975,382.23
3.266,0.06805456,382.23
3.388,0.06805456,382.23
3.389,0.06805456,382.23
3.39,0.27888975,382.23
3.392,0.06805456,382.23
3.393,0.27888975,382.23
3.394,0.06805456,382.23
3.398,0.06805456,382.23
3.399,0.06805456,382.23
3.4,0.48972493,382.23
3.401,0.27888975,382.23
3.402,0.48972493,382.23
3.403,0.27888975,382.23
3.404,0.06805456,382.23
3.405,0.06805456,382.23
3.413,0.06805456,382.23
3.585,0.06805456,382.23
3.586,0.06805456,382.23
3.587,0.06805456,382.23
3.588,0.48972493,382.23
3.589,0.48972493,382.23
3.59,0.7005601,382.23
3.591,0.9113953,382.23
3.591,0.9113953,382.23
3.592,1.333066,382.23
3.593,1.7547363,382.23
3.594,1.9655715,382.23
3.595,1.9655715,382.23
3.596,2.1764066,382.23
3.597,2.3872418,382.23
3.598,2.598077,382.23
3.599,2.598077,382.23
3.6,2.598077,382.23
3.601,2.8089123,382.23
3.601,2.8089123,382.23
3.602,2.8089123,382.23
3.603,3.0197475,382.23
3.605,3.0197475,382.23
3.606,2.598077,382.23
3.607,3.0197475,382.23
3.608,2.598077,382.23
3.609,2.3872418,382.23
3.61,2.3872418,382.23
3.611,2.1764066,382.23
3.612,2.1764066,382.23
3.613,1.9655715,382.23
3.613,2.1764066,382.23
3.614,2.1764066,382.23
3.615,2.1764066,382.23
3.616,1.9655715,382.23
3.617,1.7547363,382.23
3.618,1.7547363,382.23
3.619,1.333066,382.23
3.62,1.333066,382.23
3.621,1.1222305,382.23
3.622,0.9113953,382.23
3.623,0.9113953,382.23
3.623,0.9113953,382.23
3.624,0.7005601,382.23
3.625,0.9113953,382.23
3.626,0.7005601,382.23
3.627,0.7005601,382.23
3.628,0.48972493,382.23
3.629,0.9113953,382.23
3.63,0.48972493,382.23
3.631,0.48972493,382.23
3.632,0.27888975,382.23
3.633,0.27888975,382.23
3.634,0.27888975,382.23
3.634,0.06805456,382.23
3.635,0.27888975,382.23
3.636,0.27888975,382.23
3.637,0.27888975,382.23
3.638,0.06805456,382.23
3.639,0.06805456,382.23
3.643,0.06805456,382.23
3.644,0.06805456,382.23
3.644,0.27888975,382.23
3.645,0.27888975,382.23
3.646,0.27888975,382.23
3.648,0.06805456,382.23
3.649,0.06805456,382.23
3.655,0.06805456,382.23
3.656,0.06805456,382.23
3.656,0.27888975,382.23
3.66,0.06805456,382.23
3.662,0.06805456,382.23
3.663,0.06805456,382.23
3.664,0.48972493,382.23
3.665,0.7005601,382.23
3.666,0.7005601,382.23
3.666,0.7005601,382.23
3.667,0.9113953,382.23
3.668,0.7005601,382.23
3.669,0.48972493,382.23
3.67,0.06805456,382.23
3.676,0.06805456,382.23
3.677,0.06805456,382.23
3.677,0.48972493,382.23
3.678,0.27888975,382.23
3.679,0.48972493,382.23
3.68,0.48972493,382.23
3.681,0.48972493,382.23
3.682,0.9113953,382.23
3.683,1.333066,382.23
3.684,1.5439011,382.23
3.685,1.7547363,382.23
3.686,1.9655715,382.23
3.687,1.7547363,382.23
3.687,1.333066,382.23
3.688,0.9113953,382.23
3.69,0.48972493,382.23
3.691,0.9113953,382.23
3.692,0.48972493,382.23
3.693,0.9113953,382.23
3.694,1.1222305,382.23
3.695,1.5439011,382.23
3.696,1.9655715,382.23
3.697,2.598077,382.23
3.698,2.8089123,382.23
3.699,2.3872418,382.23
3.699,2.1764066,382.23
3.7,1.7547363,382.23
3.701,1.7547363,382.23
3.702,1.7547363,382.23
3.703,1.7547363,382.23
3.704,2.1764066,382.23
3.705,2.3872418,382.23
3.706,2.598077,382.23
3.707,3.0197475,382.23
3.708,2.598077,382.23
3.709,2.598077,382.23
3.709,2.3872418,382.23
3.71,2.3872418,382.23
3.711,2.3872418,382.23
3.712,2.3872418,382.23
3.713,2.3872418,382.23
3.714,2.8089123,382.23
3.715,3.0197475,382.23
3.716,3.0197475,382.23
3.717,3.2305827,382.23
3.718,3.2305827,382.23
3.719,3.0197475,382.23
3.72,3.0197475,382.23
3.72,3.2305827,382.23
3.721,3.2305827,382.23
3.722,3.2305827,382.23
3.723,3.2305827,382.23
3.724,3.441418,382.23
3.725,3.441418,382.23
3.726,3.652253,382.23
3.727,3.441418,382.23
3.728,3.441418,382.23
3.729,3.652253,382.23
3.73,3.441418,382.23
3.73,3.441418,382.23
3.731,3.441418,382.23
3.733,3.2305827,382.23
3.734,3.0197475,382.23
3.735,3.0197475,382.23
3.736,3.0197475,382.23
3.737,3.441418,382.23
3.738,3.441418,382.23
3.739,3.8630881,382.23
3.74,3.441418,382.23
3.741,3.2305827,382.23
3.742,3.2305827,382.23
3.742,3.0197475,382.23
3.743,3.0197475,382.23
3.744,3.0197475,382.23
3.745,3.2305827,382.23
3.746,3.652253,382.23
3.747,3.652253,382.23
3.748,3.441418,382.23
3.749,3.8630881,382.23
3.75,3.8630881,382.23
3.751,3.8630881,382.23
3.752,3.441418,382.23
3.752,3.652253,382.23
3.753,3.8630881,382.23
3.754,3.441418,382.23
3.755,3.652253,382.23
3.756,4.0739236,382.23
3.757,4.0739236,382.23
3.758,4.0739236,382.23
3.759,4.0739236,382.23
3.76,4.2847586,382.23
3.761,4.4955935,382.23
3.762,4.4955935,382.23
3.763,4.7064285,382.23
3.763,4.7064285,382.23
3.764,4.4955935,382.23
3.765,4.4955935,382.23
3.766,4.2847586,382.23
3.767,4.4955935,382.23
3.768,4.7064285,382.23
3.769,4.7064285,382.23
3.77,4.917264,382.23
3.771,4.7064285,382.23
3.772,4.917264,382.23
3.773,4.917264,382.23
3.773,4.917264,382.23
-203.159,5.128099,382.23
3.776,4.7064285,382.23
3.777,5.3389344,382.23
3.778,5.3389344,382.23
3.779,5.3389344,382.23
3.78,5.3389344,382.23
3.781,5.128099,382.23
3.782,4.917264,382.23
3.783,4.917264,382.23
3.784,4.917264,382.23
3.785,5.128099,382.23
3.785,5.760606,382.23
3.786,5.5497694,382.23
3.787,5.760606,382.23
3.788,5.5497694,382.23
3.789,5.3389344,382.23
3.79,5.760606,382.23
3.791,5.971441,382.23
3.792,5.971441,382.23
3.793,6.393111,382.23
3.794,6.393111,382.23
3.795,6.393111,382.23
3.795,6.393111,382.23
3.796,6.1822762,382.23
3.797,6.393111,382.23
3.798,6.393111,382.23
3.799,6.603946,382.23
3.8,6.603946,382.23
3.801,6.8147817,382.23
3.802,6.8147817,382.23
3.803,7.0256166,382.23
3.804,6.603946,382.23
3.805,6.8147817,382.23
3.806,6.603946,382.23
3.806,6.603946,382.23
-203.159,6.393111,382.23
3.808,6.8147817,382.23
3.809,6.603946,382.23
3.81,7.0256166,382.23
3.811,7.236452,382.23
3.812,7.447287,382.23
3.813,7.8689575,382.23
3.814,7.447287,382.23
3.815,7.447287,382.23
3.816,7.6581225,382.23
3.816,7.236452,382.23
3.818,7.236452,382.23
3.819,7.447287,382.23
3.82,7.447287,382.23
3.821,7.8689575,382.23
3.822,8.079793,382.23
3.823,8.2906275,382.23
3.824,8.2906275,382.23
3.825,8.501463,382.23
3.826,8.501463,382.23
3.827,8.501463,382.23
3.828,8.712298,382.23
3.828,8.712298,382.23
3.829,8.501463,382.23
3.83,8.712298,382.23
3.831,9.133968,382.23
3.832,9.133968,382.23
3.833,9.133968,382.23
3.834,9.133968,382.23
3.835,8.923134,382.23
3.836,9.133968,382.23
3.837,9.133968,382.23
3.838,9.133968,382.23
3.838,9.133968,382.23
3.839,9.766475,382.23
3.84,9.555639,382.23
3.841,9.977309,382.23
3.842,9.977309,382.23
3.843,10.609815,382.23
3.844,10.82065,382.23
3.845,10.82065,382.23
3.846,11.242321,382.23
3.847,11.874826,382.23
3.848,12.085661,382.23
3.849,12.507332,382.23
3.849,12.507332,382.23
3.85,12.718167,382.23
3.851,13.350673,382.23
3.852,13.561507,382.23
3.853,14.194014,382.23
3.854,15.037355,382.23
3.855,15.459025,382.23
3.856,15.880695,382.23
3.857,16.302366,382.23
3.858,16.934872,382.23
3.859,17.567377,382.23
3.859,18.832388,382.23
-203.159,20.097399,382.23
3.862,21.573244,382.23
3.863,22.416586,382.23
3.864,23.892431,382.23
3.865,24.735773,382.23
3.866,26.000784,382.23
3.867,27.05496,382.23
3.868,27.47663,382.23
3.869,27.687466,382.23
3.87,28.319971,382.23
3.871,28.741642,382.23
3.871,28.741642,382.23
3.872,29.374147,382.23
3.873,30.217487,382.23
3.874,30.639158,382.23
3.875,31.482498,382.23
3.876,32.53668,382.23
3.877,33.16918,382.23
3.878,34.01252,382.23
3.879,34.434193,382.23
3.88,34.85586,382.23
3.881,35.0667,382.23
3.881,35.699203,382.23
3.882,36.120872,382.23
3.883,36.54254,382.23
3.884,36.33171,382.23
3.885,36.54254,382.23
3.886,36.54254,382.23
3.887,36.75338,382.23
3.888,36.75338,382.23
3.889,36.964214,382.23
3.89,36.75338,382.23
3.891,36.54254,382.23
3.892,36.964214,382.23
3.892,37.385883,382.23
-203.159,37.385883,382.23
3.894,37.807552,382.23
3.895,38.229225,382.23
3.896,38.229225,382.23
3.897,38.440063,382.23
3.898,38.440063,382.23
3.899,38.229225,382.23
3.9,37.807552,382.23
3.901,37.59672,382.23
3.902,37.385883,382.23
3.902,37.385883,382.23
3.904,37.385883,382.23
3.905,37.59672,382.23
3.906,37.59672,382.23
3.907,37.807552,382.23
3.908,38.440063,382.23
3.909,38.229225,382.23
3.91,38.861732,382.23
3.911,39.072567,382.23
3.912,39.494236,382.23
3.913,39.705074,382.23
3.914,39.915905,382.23
3.914,39.705074,382.23
3.915,39.2834,382.23
3.916,39.2834,382.23
3.917,39.705074,382.23
3.918,39.915905,382.23
3.919,40.759247,382.23
3.92,40.970085,382.23
3.921,41.60259,382.23
3.922,42.8676,382.23
3.923,42.8676,382.23
3.924,43.28927,382.23
3.925,43.28927,382.23
3.925,42.656765,382.23
3.926,42.235096,382.23
3.927,41.391754,382.23
3.928,41.813423,382.23
3.929,41.391754,382.23
3.93,41.813423,382.23
3.931,42.656765,382.23
3.932,43.71094,382.23
3.933,43.921776,382.23
3.934,44.34345,382.23
3.935,44.34345,382.23
3.935,43.921776,382.23
3.936,44.13261,382.23
3.937,44.34345,382.23
3.938,44.34345,382.23
3.939,44.55428,382.23
3.94,44.34345,382.23
3.941,44.34345,382.23
3.942,44.55428,382.23
3.943,44.55428,382.23
3.944,44.55428,382.23
3.946,44.13261,382.23
3.947,43.921776,382.23
3.947,43.921776,382.23
3.948,43.71094,382.23
3.949,43.921776,382.23
3.95,44.55428,382.23
3.951,44.55428,382.23
3.952,44.765118,382.23
3.953,44.34345,382.23
3.954,44.13261,382.23
3.955,44.13261,382.23
3.956,44.13261,382.23
3.957,44.13261,382.23
3.957,44.13261,382.23
3.958,43.921776,382.23
-203.159,43.921776,382.23
3.96,43.71094,382.23
3.961,43.921776,382.23
3.962,44.13261,382.23
3.963,44.13261,382.23
3.964,43.71094,382.23
3.965,43.71094,382.23
3.966,43.078438,382.23
3.967,43.078438,382.23
3.968,43.500107,382.23
3.968,43.28927,382.23
3.969,43.500107,382.23
3.97,43.500107,382.23
3.971,43.28927,382.23
3.972,43.078438,382.23
3.973,43.28927,382.23
3.974,43.28927,382.23
3.975,43.28927,382.23
3.976,43.078438,382.23
3.977,42.8676,382.23
3.978,42.8676,382.23
3.978,43.500107,382.23
-203.159,43.078438,382.23
3.98,42.8676,382.23
3.981,42.8676,382.23
3.982,43.28927,382.23
3.983,43.500107,382.23
3.984,44.13261,382.23
3.985,43.71094,382.23
3.986,44.13261,382.23
3.987,43.921776,382.23
3.989,43.921776,382.23
3.99,43.71094,382.23
3.99,43.500107,382.23
3.991,43.078438,382.23
3.992,43.078438,382.23
3.993,43.71094,382.23
3.994,43.921776,382.23
3.995,44.13261,382.23
3.996,43.921776,382.23
3.997,43.71094,382.23
3.998,43.500107,382.23
3.999,43.71094,382.23
4.0,44.13261,382.23
4.0,44.34345,382.23
4.001,44.765118,382.23
4.002,43.921776,382.23
4.003,44.34345,382.23
4.004,43.921776,382.23
4.005,44.13261,382.23
4.006,43.921776,382.23
4.007,43.71094,382.23
4.008,43.71094,382.23
4.009,43.500107,382.23
4.01,43.71094,382.23
4.011,43.28927,382.23
4.011,43.078438,382.23
4.012,42.8676,382.23
4.013,42.8676,382.23
4.014,42.656765,382.23
4.015,42.656765,382.23
4.016,42.8676,382.23
4.017,42.656765,382.23
4.018,43.28927,382.23
4.019,43.71094,382.23
4.02,43.71094,382.23
4.021,43.28927,382.23
4.021,42.656765,382.23
4.022,42.445927,382.23
4.023,42.8676,382.23
4.024,42.656765,382.23
4.025,42.235096,382.23
4.026,41.813423,382.23
4.027,42.024258,382.23
4.028,42.235096,382.23
4.029,42.445927,382.23
4.03,42.8676,382.23
4.032,42.024258,382.23
4.033,42.024258,382.23
4.033,42.235096,382.23
4.034,42.024258,382.23
4.035,41.60259,382.23
4.036,41.391754,382.23
4.037,41.813423,382.23
4.038,42.8676,382.23
4.039,42.656765,382.23
4.04,42.656765,382.23
4.041,42.235096,382.23
4.042,42.235096,382.23
4.043,42.445927,382.23
4.043,42.656765,382.23
4.044,42.445927,382.23
4.045,42.8676,382.23
4.046,42.445927,382.23
4.047,42.235096,382.23
4.048,42.445927,382.23
4.049,42.8676,382.23
4.05,42.445927,382.23
4.051,42.656765,382.23
4.052,42.024258,382.23
4.053,42.024258,382.23
4.054,41.813423,382.23
4.054,41.813423,382.23
4.055,42.024258,382.23
4.056,42.024258,382.23
4.057,41.391754,382.23
4.058,41.180916,382.23
4.059,41.180916,382.23
4.06,40.970085,382.23
4.061,40.759247,382.23
4.062,40.759247,382.23
4.063,40.548412,382.23
4.064,40.970085,382.23
4.064,40.970085,382.23
4.065,40.970085,382.23
4.066,41.180916,382.23
4.067,40.548412,382.23
4.068,40.337578,382.23
4.069,39.915905,382.23
4.07,40.548412,382.23
4.071,40.970085,382.23
4.072,40.548412,382.23
4.074,40.337578,382.23
4.075,40.337578,382.23
4.076,40.548412,382.23
4.076,40.759247,382.23
4.077,40.759247,382.23
4.078,40.337578,382.23
4.079,40.548412,382.23
4.08,40.548412,382.23
4.081,40.337578,382.23
4.082,40.548412,382.23
4.083,40.337578,382.23
4.084,40.337578,382.23
4.085,40.337578,382.23
4.086,40.126743,382.23
4.086,40.337578,382.23
4.087,40.970085,382.23
4.088,40.548412,382.23
4.089,40.548412,382.23
4.09,41.180916,382.23
4.091,40.548412,382.23
4.092,40.970085,382.23
4.093,40.970085,382.23
4.094,40.548412,382.23
4.095,40.759247,382.23
4.096,40.548412,382.23
4.097,40.337578,382.23
4.097,40.548412,382.23
4.098,40.970085,382.23
4.099,40.126743,382.23
4.1,40.337578,382.23
4.101,40.337578,382.23
4.102,39.705074,382.23
4.103,40.548412,382.23
4.104,40.548412,382.23
4.105,40.337578,382.23
4.106,40.548412,382.23
4.107,40.548412,382.23
4.107,40.548412,382.23
4.108,40.548412,382.23
4.109,40.548412,382.23
4.11,40.126743,382.23
4.111,40.126743,382.23
4.112,39.915905,382.23
4.113,40.126743,382.23
4.114,40.126743,382.23
4.115,40.126743,382.23
4.117,40.548412,382.23
4.118,40.126743,382.23
4.119,40.126743,382.23
4.119,40.126743,382.23
4.12,40.126743,382.23
4.121,40.337578,382.23
4.122,40.126743,382.23
4.123,39.705074,382.23
4.124,39.2834,382.23
4.125,39.494236,382.23
4.126,39.705074,382.23
4.127,39.705074,382.23
4.128,39.494236,382.23
4.129,39.915905,382.23
4.129,39.915905,382.23
4.13,40.548412,382.23
4.131,40.126743,382.23
4.132,40.126743,382.23
4.133,40.126743,382.23
4.134,40.126743,382.23
4.135,39.915905,382.23
4.136,40.548412,382.23
4.137,39.494236,382.23
4.138,38.861732,382.23
4.139,39.2834,382.23
4.14,39.2834,382.23
4.14,39.705074,382.23
4.141,39.915905,382.23
4.142,39.494236,382.23
4.143,39.915905,382.23
4.144,39.915905,382.23
4.145,39.072567,382.23
4.146,39.072567,382.23
4.147,39.494236,382.23
4.148,39.2834,382.23
4.149,39.494236,382.23
4.15,39.2834,382.23
4.15,39.705074,382.23
4.151,39.2834,382.23
4.152,39.2834,382.23
4.153,39.2834,382.23
4.154,39.2834,382.23
4.155,39.2834,382.23
4.156,39.2834,382.23
4.157,39.494236,382.23
4.158,39.2834,382.23
4.16,39.705074,382.23
4.161,39.915905,382.23
4.162,39.494236,382.23
4.162,39.494236,382.23
4.163,39.072567,382.23
4.164,39.072567,382.23
4.165,39.494236,382.23
4.166,39.494236,382.23
4.167,39.494236,382.23
4.168,39.494236,382.23
4.169,39.2834,382.23
4.17,39.705074,382.23
4.171,39.494236,382.23
4.172,39.705074,382.23
4.172,39.2834,382.23
4.173,39.705074,382.23
4.174,39.915905,382.23
4.175,39.705074,382.23
4.176,39.072567,382.23
4.177,39.494236,382.23
4.178,39.494236,382.23
4.179,39.494236,382.23
4.18,39.705074,382.23
4.181,40.126743,382.23
4.182,40.126743,382.23
4.183,39.915905,382.23
4.183,39.705074,382.23
4.184,39.705074,382.23
4.185,40.970085,382.23
4.186,40.337578,382.23
4.187,40.126743,382.23
4.188,40.337578,382.23
4.189,39.915905,382.23
4.19,39.2834,382.23
4.191,38.861732,382.23
4.192,38.229225,382.23
4.193,38.440063,382.23
4.193,38.440063,382.23
4.194,38.440063,382.23
4.195,38.861732,382.23
4.196,38.650894,382.23
4.197,38.229225,382.23
4.198,38.229225,382.23
4.199,38.440063,382.23
4.2,38.440063,382.23
4.202,38.440063,382.23
4.203,38.650894,382.23
4.204,38.440063,382.23
4.205,38.650894,382.23
4.205,38.861732,382.23
4.206,38.440063,382.23
4.207,38.440063,382.23
4.208,38.01839,382.23
4.209,38.01839,382.23
4.21,38.229225,382.23
4.211,38.650894,382.23
4.212,39.072567,382.23
4.213,38.650894,382.23
4.214,38.650894,382.23
4.215,38.229225,382.23
4.215,37.807552,382.23
4.216,38.229225,382.23
4.217,38.440063,382.23
4.218,38.650894,382.23
4.219,38.440063,382.23
4.22,38.650894,382.23
4.221,38.440063,382.23
4.222,38.440063,382.23
4.223,38.650894,382.23
4.224,38.229225,382.23
4.225,38.440063,382.23
4.226,38.229225,382.23
4.226,38.229225,382.23
4.227,38.861732,382.23
4.228,38.650894,382.23
4.229,38.229225,382.23
4.23,38.01839,382.23
4.231,38.229225,382.23
4.232,38.229225,382.23
4.233,37.807552,382.23
4.234,37.807552,382.23
4.235,38.01839,382.23
4.236,38.01839,382.23
4.236,38.229225,382.23
-203.159,38.229225,382.23
4.238,37.59672,382.23
4.239,37.807552,382.23
4.24,38.01839,382.23
4.241,37.59672,382.23
4.242,38.229225,382.23
4.243,38.440063,382.23
4.245,38.229225,382.23
4.246,38.650894,382.23
4.247,38.440063,382.23
4.248,38.440063,382.23
4.248,38.650894,382.23
4.249,38.01839,382.23
4.25,38.01839,382.23
4.251,38.861732,382.23
4.252,38.229225,382.23
4.253,38.650894,382.23
4.254,38.650894,382.23
4.255,38.440063,382.23
4.256,38.229225,382.23
4.257,38.229225,382.23
4.258,38.01839,382.23
4.258,38.01839,382.23
4.259,38.440063,382.23
4.26,38.440063,382.23
4.261,37.807552,382.23
4.262,37.807552,382.23
4.263,37.59672,382.23
4.264,38.01839,382.23
4.265,38.01839,382.23
4.266,38.01839,382.23
4.267,37.59672,382.23
4.268,37.807552,382.23
4.269,38.01839,382.23
4.269,37.807552,382.23
-203.159,37.807552,382.23
4.271,38.01839,382.23
4.272,37.59672,382.23
4.273,38.01839,382.23
4.274,37.807552,382.23
4.275,37.807552,382.23
4.276,38.01839,382.23
4.277,38.01839,382.23
4.278,37.807552,382.23
4.279,37.807552,382.23
4.279,37.59672,382.23
4.28,37.175053,382.23
4.281,38.01839,382.23
4.282,37.807552,382.23
4.283,37.807552,382.23
4.284,38.440063,382.23
4.285,38.440063,382.23
4.286,38.01839,382.23
4.288,37.59672,382.23
4.289,38.01839,382.23
4.29,37.59672,382.23
4.291,37.807552,382.23
4.291,37.807552,382.23
4.292,37.59672,382.23
4.293,38.440063,382.23
4.294,38.01839,382.23
4.295,37.807552,382.23
4.296,38.01839,382.23
4.297,38.229225,382.23
4.298,38.229225,382.23
4.299,38.440063,382.23
4.3,37.59672,382.23
4.301,37.807552,382.23
4.301,37.59672,382.23
4.302,37.59672,382.23
4.303,37.59672,382.23
4.304,37.385883,382.23
4.305,37.59672,382.23
4.306,37.807552,382.23
4.307,38.01839,382.23
4.308,37.807552,382.23
4.309,37.59672,382.23
4.31,37.385883,382.23
4.311,37.385883,382.23
4.312,38.01839,382.23
4.312,37.807552,382.23
4.313,37.59672,382.23
4.314,37.59672,382.23
4.315,37.175053,382.23
4.316,37.385883,382.23
4.317,37.807552,382.23
4.318,38.229225,382.23
4.319,38.229225,382.23
4.32,38.01839,382.23
4.321,37.59672,382.23
4.322,38.01839,382.23
4.322,37.807552,382.23
-203.159,37.59672,382.23
4.324,38.01839,382.23
4.325,38.229225,382.23
4.326,38.01839,382.23
4.327,38.229225,382.23
4.328,37.59672,382.23
4.33,37.807552,382.23
4.331,37.807552,382.23
4.332,37.59672,382.23
4.333,37.59672,382.23
4.334,37.385883,382.23
4.334,37.175053,382.23
4.335,38.01839,382.23
4.336,38.440063,382.23
4.337,37.807552,382.23
4.338,37.807552,382.23
4.339,37.807552,382.23
4.34,37.59672,382.23
4.341,37.59672,382.23
4.342,37.59672,382.23
4.343,37.59672,382.23
4.344,38.01839,382.23
4.344,37.175053,382.23
4.345,37.807552,382.23
4.346,38.01839,382.23
4.347,37.175053,382.23
4.348,37.175053,382.23
4.349,37.175053,382.23
4.35,37.175053,382.23
4.351,37.59672,382.23
4.352,37.175053,382.23
4.353,37.175053,382.23
4.354,37.175053,382.23
4.355,36.964214,382.23
4.355,36.964214,382.23
-203.159,37.175053,382.23
4.357,37.385883,382.23
4.358,37.59672,382.23
4.359,37.175053,382.23
4.36,37.385883,382.23
4.361,36.964214,382.23
4.362,37.385883,382.23
4.363,37.175053,382.23
4.364,37.175053,382.23
4.365,36.964214,382.23
4.365,37.59672,382.23
4.366,37.59672,382.23
4.367,37.59672,382.23
4.368,37.59672,382.23
4.369,37.385883,382.23
4.37,37.175053,382.23
4.371,37.385883,382.23
4.373,37.175053,382.23
4.374,36.75338,382.23
4.375,36.75338,382.23
4.376,36.75338,382.23
4.377,37.385883,382.23
4.377,37.385883,382.23
4.378,37.175053,382.23
4.379,37.385883,382.23
4.38,36.75338,382.23
4.381,37.175053,382.23
4.382,37.175053,382.23
4.383,36.964214,382.23
4.384,37.175053,382.23
4.385,36.54254,382.23
4.386,36.964214,382.23
4.387,36.75338,382.23
4.387,36.964214,382.23
4.388,36.75338,382.23
4.389,36.54254,382.23
4.39,36.964214,382.23
4.391,36.75338,382.23
4.392,37.385883,382.23
4.393,37.175053,382.23
4.394,36.964214,382.23
4.395,36.54254,382.23
4.396,36.75338,382.23
4.397,36.33171,382.23
4.398,36.75338,382.23
4.398,36.75338,382.23
4.399,36.54254,382.23
4.4,36.75338,382.23
4.401,37.175053,382.23
4.402,36.75338,382.23
4.403,36.33171,382.23
4.404,36.54254,382.23
4.405,36.33171,382.23
4.406,36.964214,382.23
4.407,37.175053,382.23
4.408,36.75338,382.23
4.408,37.175053,382.23
-203.159,36.964214,382.23
4.41,37.175053,382.23
4.411,37.175053,382.23
4.412,37.385883,382.23
4.413,36.964214,382.23
4.414,36.964214,382.23
4.416,36.964214,382.23
4.417,36.75338,382.23
4.418,36.964214,382.23
4.419,36.75338,382.23
4.42,36.75338,382.23
4.42,36.54254,382.23
4.421,36.54254,382.23
4.422,36.964214,382.23
4.423,36.964214,382.23
4.424,36.75338,382.23
4.425,37.175053,382.23
4.426,36.54254,382.23
4.427,36.75338,382.23
4.428,37.385883,382.23
4.429,36.75338,382.23
4.43,36.964214,382.23
4.43,36.964214,382.23
4.431,36.75338,382.23
4.432,36.54254,382.23
4.433,37.175053,382.23
4.434,36.964214,382.23
4.435,37.175053,382.23
4.436,37.175053,382.23
4.437,36.75338,382.23
4.438,37.175053,382.23
4.439,36.964214,382.23
4.44,36.75338,382.23
4.441,36.54254,382.23
4.441,37.175053,382.23
4.442,36.54254,382.23
4.443,36.75338,382.23
4.444,37.385883,382.23
4.445,36.964214,382.23
4.446,36.33171,382.23
4.447,36.54254,382.23
4.448,36.120872,382.23
4.449,36.120872,382.23
4.45,36.120872,382.23
4.451,35.910038,382.23
4.451,35.910038,382.23
4.452,35.910038,382.23
4.453,35.699203,382.23
4.454,36.54254,382.23
4.455,36.120872,382.23
4.456,35.910038,382.23
4.458,35.699203,382.23
4.459,35.699203,382.23
4.46,36.33171,382.23
4.461,36.54254,382.23
4.462,36.54254,382.23
4.463,35.910038,382.23
4.463,35.910038,382.23
4.464,35.699203,382.23
4.465,35.699203,382.23
4.466,36.75338,382.23
4.467,36.120872,382.23
4.468,36.33171,382.23
4.469,36.120872,382.23
4.47,35.910038,382.23
4.471,36.120872,382.23
4.472,36.120872,382.23
4.473,35.910038,382.23
4.473,35.910038,382.23
4.474,35.910038,382.23
4.475,36.33171,382.23
4.476,36.120872,382.23
4.477,36.54254,382.23
4.478,36.33171,382.23
4.479,36.120872,382.23
4.48,36.33171,382.23
4.481,36.120872,382.23
4.482,35.699203,382.23
4.483,36.120872,382.23
4.484,36.75338,382.23
4.484,36.120872,382.23
4.485,35.910038,382.23
4.486,36.120872,382.23
4.487,36.33171,382.23
4.488,36.120872,382.23
4.489,35.910038,382.23
4.49,35.699203,382.23
4.491,35.48837,382.23
4.492,35.48837,382.23
4.493,35.699203,382.23
4.494,35.48837,382.23
4.494,35.699203,382.23
-203.159,35.48837,382.23
4.496,35.27753,382.23
4.497,35.699203,382.23
4.498,35.699203,382.23
4.499,36.120872,382.23
4.501,36.120872,382.23
4.502,35.910038,382.23
4.503,35.699203,382.23
4.504,35.48837,382.23
4.505,35.910038,382.23
4.506,35.48837,382.23
4.506,36.33171,382.23
4.507,36.33171,382.23
4.508,35.910038,382.23
4.509,35.699203,382.23
4.51,35.699203,382.23
4.511,35.48837,382.23
4.512,35.699203,382.23
4.513,35.0667,382.23
4.514,35.0667,382.23
4.515,35.699203,382.23
4.516,35.27753,382.23
4.516,35.910038,382.23
4.517,35.48837,382.23
4.518,35.699203,382.23
4.519,35.48837,382.23
4.52,35.27753,382.23
4.521,35.0667,382.23
4.522,35.699203,382.23
4.523,35.699203,382.23
4.524,35.27753,382.23
4.525,35.0667,382.23
4.526,35.27753,382.23
4.527,34.85586,382.23
4.527,35.0667,382.23
4.528,35.48837,382.23
4.529,35.910038,382.23
4.53,36.120872,382.23
4.531,36.33171,382.23
4.532,36.964214,382.23
4.533,37.175053,382.23
4.534,36.75338,382.23
4.535,36.33171,382.23
4.536,35.910038,382.23
4.537,35.910038,382.23
4.537,36.33171,382.23
4.538,36.33171,382.23
4.539,35.699203,382.23
4.54,35.48837,382.23
4.541,35.27753,382.23
4.542,35.48837,382.23
4.544,35.27753,382.23
4.545,35.27753,382.23
4.546,35.27753,382.23
4.547,35.0667,382.23
4.548,35.48837,382.23
4.549,34.85586,382.23
4.549,35.0667,382.23
4.55,35.27753,382.23
4.551,35.27753,382.23
4.552,35.27753,382.23
4.553,34.645027,382.23
4.554,34.434193,382.23
4.555,34.85586,382.23
4.556,35.910038,382.23
4.557,35.48837,382.23
4.558,36.33171,382.23
4.559,35.910038,382.23
4.559,35.910038,382.23
4.56,36.120872,382.23
4.561,36.120872,382.23
4.562,35.699203,382.23
4.563,35.699203,382.23
4.564,35.48837,382.23
4.565,35.27753,382.23
4.566,34.85586,382.23
4.567,35.0667,382.23
4.568,35.0667,382.23
4.569,35.0667,382.23
4.57,34.85586,382.23
4.57,34.434193,382.23
4.571,35.0667,382.23
4.572,34.85586,382.23
4.573,34.645027,382.23
4.574,34.645027,382.23
4.575,34.434193,382.23
4.576,34.22336,382.23
4.577,34.85586,382.23
4.578,33.16918,382.23
4.579,34.22336,382.23
4.58,34.01252,382.23
4.58,34.22336,382.23
-203.159,34.01252,382.23
4.582,34.22336,382.23
4.583,34.01252,382.23
4.584,33.59085,382.23
4.586,33.59085,382.23
4.587,33.16918,382.23
4.588,33.380016,382.23
4.589,33.380016,382.23
4.59,33.380016,382.23
4.591,32.958347,382.23
4.592,33.16918,382.23
4.592,33.380016,382.23
4.593,33.16918,382.23
4.594,33.16918,382.23
4.595,33.16918,382.23
4.596,33.16918,382.23
4.597,33.16918,382.23
4.598,33.380016,382.23
4.599,32.958347,382.23
4.6,33.16918,382.23
4.601,32.958347,382.23
4.602,32.74751,382.23
4.602,32.74751,382.23
4.603,32.74751,382.23
4.604,32.74751,382.23
4.605,32.958347,382.23
4.606,33.16918,382.23
4.607,33.16918,382.23
4.608,33.16918,382.23
4.609,32.958347,382.23
4.61,33.16918,382.23
4.611,33.16918,382.23
4.612,32.958347,382.23
4.613,32.74751,382.23
4.613,32.74751,382.23
-203.159,32.53668,382.23
4.615,32.32584,382.23
4.616,32.74751,382.23
4.617,32.958347,382.23
4.618,32.958347,382.23
4.619,32.74751,382.23
4.62,32.74751,382.23
4.621,32.53668,382.23
4.622,32.74751,382.23
4.623,32.958347,382.23
4.623,32.74751,382.23
4.624,32.74751,382.23
4.625,33.16918,382.23
4.626,32.53668,382.23
4.627,32.74751,382.23
4.629,32.74751,382.23
4.63,32.74751,382.23
4.631,32.958347,382.23
4.632,32.958347,382.23
4.633,32.958347,382.23
4.634,32.74751,382.23
4.635,32.53668,382.23
4.635,32.958347,382.23
4.636,33.16918,382.23
4.637,33.380016,382.23
4.638,32.958347,382.23
4.639,32.74751,382.23
4.64,32.74751,382.23
4.641,32.958347,382.23
4.642,32.958347,382.23
4.643,32.74751,382.23
4.644,32.53668,382.23
4.645,32.53668,382.23
4.645,32.74751,382.23
4.646,32.74751,382.23
4.647,32.74751,382.23
4.648,32.74751,382.23
4.649,32.53668,382.23
4.65,32.74751,382.23
4.651,32.32584,382.23
4.652,32.53668,382.23
4.653,32.53668,382.23
4.654,32.115005,382.23
4.655,32.32584,382.23
4.656,32.53668,382.23
4.656,32.32584,382.23
4.657,32.32584,382.23
4.658,32.53668,382.23
4.659,32.53668,382.23
4.66,32.32584,382.23
4.661,32.32584,382.23
4.662,32.53668,382.23
4.663,32.115005,382.23
4.664,32.115005,382.23
4.665,32.32584,382.23
4.666,32.53668,382.23
4.666,32.74751,382.23
4.667,32.32584,382.23
4.668,32.32584,382.23
4.669,32.53668,382.23
4.67,32.32584,382.23
4.672,32.53668,382.23
4.673,32.32584,382.23
4.674,32.32584,382.23
4.675,32.115005,382.23
4.676,32.53668,382.23
4.677,32.53668,382.23
4.678,32.32584,382.23
4.678,32.32584,382.23
4.679,32.32584,382.23
4.68,32.32584,382.23
4.681,32.74751,382.23
4.682,32.115005,382.23
4.683,32.32584,382.23
4.684,31.693335,382.23
4.685,32.115005,382.23
4.686,32.115005,382.23
4.687,32.115005,382.23
4.688,32.115005,382.23
4.688,32.115005,382.23
4.689,31.90417,382.23
4.69,31.90417,382.23
4.691,31.90417,382.23
4.692,31.482498,382.23
4.693,31.693335,382.23
4.694,31.482498,382.23
4.695,31.271664,382.23
4.696,31.693335,382.23
4.697,31.693335,382.23
4.698,31.060827,382.23
4.699,31.482498,382.23
4.699,31.271664,382.23
4.7,31.90417,382.23
4.701,31.482498,382.23
4.702,31.482498,382.23
4.703,31.482498,382.23
4.704,31.482498,382.23
4.705,31.693335,382.23
4.706,31.693335,382.23
4.707,31.693335,382.23
4.708,31.482498,382.23
4.709,31.271664,382.23
4.709,31.482498,382.23
4.71,31.693335,382.23
4.711,31.90417,382.23
4.712,31.482498,382.23
4.714,31.271664,382.23
4.715,31.271664,382.23
4.716,31.271664,382.23
4.717,31.271664,382.23
4.718,31.271664,382.23
4.719,31.060827,382.23
4.72,31.271664,382.23
4.721,31.271664,382.23
4.721,30.849993,382.23
4.722,31.060827,382.23
4.723,31.271664,382.23
4.724,31.271664,382.23
4.725,31.482498,382.23
4.726,31.271664,382.23
4.727,30.849993,382.23
4.728,31.271664,382.23
4.729,30.849993,382.23
4.73,30.849993,382.23
4.731,31.271664,382.23
4.731,31.482498,382.23
4.732,31.482498,382.23
4.733,31.482498,382.23
4.734,31.060827,382.23
4.735,31.482498,382.23
4.736,31.271664,382.23
4.737,31.271664,382.23
4.738,30.849993,382.23
4.739,31.060827,382.23
4.74,31.060827,382.23
4.741,31.482498,382.23
4.742,31.060827,382.23
4.742,31.271664,382.23
4.743,30.639158,382.23
4.744,31.060827,382.23
4.745,31.482498,382.23
4.746,31.271664,382.23
4.747,31.060827,382.23
4.748,30.849993,382.23
4.749,31.060827,382.23
4.75,31.060827,382.23
4.751,30.428322,382.23
4.752,30.639158,382.23
4.752,30.639158,382.23
4.753,30.849993,382.23
4.754,30.849993,382.23
4.755,31.060827,382.23
4.757,30.849993,382.23
4.758,30.639158,382.23
4.759,30.849993,382.23
4.76,30.849993,382.23
4.761,30.639158,382.23
4.762,30.849993,382.23
4.763,30.639158,382.23
4.764,30.639158,382.23
4.764,30.639158,382.23
4.765,30.639158,382.23
-203.159,31.060827,382.23
4.767,30.849993,382.23
4.768,30.428322,382.23
4.769,30.428322,382.23
4.77,30.849993,382.23
4.771,30.639158,382.23
4.772,30.849993,382.23
4.773,30.428322,382.23
4.774,30.639158,382.23
4.774,30.639158,382.23
4.775,30.639158,382.23
4.776,30.639158,382.23
4.777,30.639158,382.23
4.778,30.849993,382.23
4.779,31.271664,382.23
4.78,31.060827,382.23
4.781,30.849993,382.23
4.782,30.639158,382.23
4.783,30.428322,382.23
4.784,30.428322,382.23
4.785,30.639158,382.23
4.785,30.428322,382.23
4.786,30.428322,382.23
4.787,30.849993,382.23
4.788,30.639158,382.23
4.789,31.060827,382.23
4.79,30.428322,382.23
4.791,30.217487,382.23
4.792,29.795816,382.23
4.793,30.428322,382.23
4.794,30.428322,382.23
4.795,30.639158,382.23
4.795,30.428322,382.23
4.796,30.428322,382.23
4.797,30.217487,382.23
4.798,30.006653,382.23
4.8,30.006653,382.23
4.801,30.428322,382.23
4.802,30.639158,382.23
4.803,30.428322,382.23
4.804,30.428322,382.23
4.805,30.217487,382.23
4.806,30.006653,382.23
4.807,29.795816,382.23
4.807,30.006653,382.23
4.808,30.006653,382.23
4.809,30.006653,382.23
4.81,29.795816,382.23
4.811,30.217487,382.23
4.812,30.217487,382.23
4.813,30.217487,382.23
4.814,29.374147,382.23
4.815,30.006653,382.23
4.816,30.006653,382.23
4.817,30.006653,382.23
4.817,29.795816,382.23
4.818,29.795816,382.23
-203.159,30.006653,382.23
4.82,30.006653,382.23
4.821,30.006653,382.23
4.822,30.006653,382.23
4.823,29.584982,382.23
4.824,29.795816,382.23
4.825,30.006653,382.23
4.826,29.795816,382.23
4.827,29.795816,382.23
4.828,30.006653,382.23
4.828,30.006653,382.23
4.829,30.006653,382.23
4.83,30.217487,382.23
4.831,30.217487,382.23
4.832,30.217487,382.23
4.833,30.428322,382.23
4.834,29.795816,382.23
4.835,30.006653,382.23
4.836,30.217487,382.23
4.837,29.584982,382.23
4.838,29.795816,382.23
4.838,29.795816,382.23
4.839,29.584982,382.23
4.84,29.584982,382.23
4.842,29.795816,382.23
4.843,29.795816,382.23
4.844,29.795816,382.23
4.845,29.584982,382.23
4.846,29.584982,382.23
4.847,29.163311,382.23
4.848,29.584982,382.23
4.849,29.584982,382.23
4.85,29.374147,382.23
4.85,29.795816,382.23
4.851,29.795816,382.23
4.852,29.795816,382.23
4.853,29.795816,382.23
4.854,29.584982,382.23
4.855,29.795816,382.23
4.856,29.584982,382.23
4.857,30.217487,382.23
4.858,29.584982,382.23
4.859,29.795816,382.23
4.86,29.163311,382.23
4.86,29.374147,382.23
4.861,29.374147,382.23
4.862,29.795816,382.23
4.863,29.795816,382.23
4.864,29.374147,382.23
4.865,29.374147,382.23
4.866,29.584982,382.23
4.867,29.584982,382.23
4.868,29.795816,382.23
4.869,29.584982,382.23
4.87,28.952477,382.23
4.871,29.374147,382.23
4.871,29.374147,382.23
4.872,29.163311,382.23
4.873,29.584982,382.23
4.874,29.584982,382.23
4.875,29.584982,382.23
4.876,29.374147,382.23
4.877,29.374147,382.23
4.878,29.374147,382.23
4.879,29.584982,382.23
4.88,29.795816,382.23
4.881,29.795816,382.23
4.882,29.163311,382.23
4.882,29.374147,382.23
4.883,29.374147,382.23
4.885,29.584982,382.23
4.886,29.163311,382.23
4.887,29.584982,382.23
4.888,29.374147,382.23
4.889,29.584982,382.23
4.89,29.584982,382.23
4.891,29.584982,382.23
4.892,29.163311,382.23
4.893,29.374147,382.23
4.893,29.374147,382.23
4.894,29.163311,382.23
4.895,29.795816,382.23
4.896,29.374147,382.23
4.897,29.163311,382.23
4.898,29.374147,382.23
4.899,29.374147,382.23
4.9,29.584982,382.23
4.901,29.163311,382.23
4.902,29.374147,382.23
4.903,29.795816,382.23
4.904,29.374147,382.23
4.904,29.584982,382.23
-203.159,29.584982,382.23
4.906,29.374147,382.23
4.907,29.374147,382.23
4.908,29.374147,382.23
4.909,29.795816,382.23
4.91,30.006653,382.23
4.911,30.006653,382.23
4.912,29.584982,382.23
4.913,29.584982,382.23
4.914,29.374147,382.23
4.914,29.584982,382.23
4.915,29.374147,382.23
4.916,29.374147,382.23
4.917,29.795816,382.23
4.918,29.584982,382.23
4.919,29.163311,382.23
4.92,29.584982,382.23
4.921,29.374147,382.23
4.922,29.374147,382.23
4.923,29.374147,382.23
4.924,29.374147,382.23
4.925,28.952477,382.23
-203.159,29.163311,382.23
4.926,29.163311,382.23
4.928,29.584982,382.23
4.929,29.163311,382.23
4.93,29.163311,382.23
4.931,29.374147,382.23
4.932,28.952477,382.23
4.933,29.163311,382.23
4.934,28.952477,382.23
4.935,29.374147,382.23
4.936,29.163311,382.23
4.936,29.163311,382.23
4.937,29.163311,382.23
4.938,28.952477,382.23
4.939,29.163311,382.23
4.94,28.952477,382.23
4.941,28.741642,382.23
4.942,29.163311,382.23
4.943,28.952477,382.23
4.944,28.530806,382.23
4.945,28.741642,382.23
4.946,28.741642,382.23
4.947,28.530806,382.23
4.947,29.163311,382.23
4.948,28.741642,382.23
4.949,29.163311,382.23
4.95,28.952477,382.23
4.951,28.952477,382.23
4.952,28.952477,382.23
4.953,29.163311,382.23
4.954,28.952477,382.23
4.955,28.741642,382.23
4.956,28.741642,382.23
4.957,29.163311,382.23
4.957,28.741642,382.23
4.958,28.952477,382.23
4.959,28.530806,382.23
4.96,28.741642,382.23
4.961,28.952477,382.23
4.962,28.952477,382.23
4.963,28.741642,382.23
4.964,29.163311,382.23
4.965,28.952477,382.23
4.966,28.741642,382.23
4.967,28.952477,382.23
4.968,28.952477,382.23
4.968,28.741642,382.23
4.97,28.530806,382.23
4.971,28.319971,382.23
4.972,28.530806,382.23
4.973,28.952477,382.23
4.974,28.741642,382.23
4.975,28.530806,382.23
4.976,28.319971,382.23
4.977,28.530806,382.23
4.978,28.741642,382.23
4.979,28.319971,382.23
4.979,28.109135,382.23
4.98,28.109135,382.23
4.981,28.319971,382.23
4.982,28.109135,382.23
4.983,28.319971,382.23
4.984,28.109135,382.23
4.985,28.109135,382.23
4.986,27.8983,382.23
4.987,28.109135,382.23
4.988,28.109135,382.23
4.989,28.319971,382.23
4.99,28.319971,382.23
4.99,27.8983,382.23
-203.159,28.319971,382.23
4.992,28.319971,382.23
4.993,28.319971,382.23
4.994,28.319971,382.23
4.995,28.109135,382.23
4.996,28.109135,382.23
4.997,28.741642,382.23
4.998,28.319971,382.23
4.999,28.109135,382.23
5.0,28.109135,382.23
5.0,28.319971,382.23
5.001,28.319971,382.23
5.002,28.319971,382.23
5.003,28.530806,382.23
5.004,28.741642,382.23
5.005,28.530806,382.23
5.006,27.8983,382.23
5.007,28.109135,382.23
5.008,28.109135,382.23
5.009,28.109135,382.23
5.01,28.319971,382.23
5.011,27.8983,382.23
5.011,28.319971,382.23
5.013,27.8983,382.23
5.014,28.109135,382.23
5.015,28.319971,382.23
5.016,28.109135,382.23
5.017,27.8983,382.23
5.018,27.8983,382.23
5.019,28.109135,382.23
5.02,28.319971,382.23
5.021,28.109135,382.23
5.022,27.8983,382.23
5.022,28.109135,382.23
5.023,28.109135,382.23
5.024,27.687466,382.23
5.025,28.109135,382.23
5.026,27.687466,382.23
5.027,28.319971,382.23
5.028,28.319971,382.23
5.029,28.530806,382.23
5.03,28.109135,382.23
5.031,28.109135,382.23
5.032,28.109135,382.23
5.033,28.109135,382.23
5.033,27.8983,382.23
5.034,28.109135,382.23
5.035,27.8983,382.23
5.036,28.319971,382.23
5.037,28.109135,382.23
5.038,28.319971,382.23
5.039,27.8983,382.23
5.04,28.109135,382.23
5.041,27.8983,382.23
5.042,27.687466,382.23
5.043,27.8983,382.23
5.043,27.8983,382.23
5.044,28.319971,382.23
5.045,27.8983,382.23
5.046,28.109135,382.23
5.047,28.109135,382.23
5.048,27.687466,382.23
5.049,27.8983,382.23
5.05,27.687466,382.23
5.051,28.109135,382.23
5.052,28.109135,382.23
5.053,28.109135,382.23
5.054,27.8983,382.23
5.054,28.109135,382.23
5.056,27.47663,382.23
5.057,27.8983,382.23
5.058,27.8983,382.23
5.059,28.319971,382.23
5.06,28.530806,382.23
5.061,28.109135,382.23
5.062,28.319971,382.23
5.063,28.319971,382.23
5.064,27.687466,382.23
5.065,28.109135,382.23
5.065,28.109135,382.23
5.066,28.109135,382.23
5.067,27.687466,382.23
5.068,27.8983,382.23
5.069,27.687466,382.23
5.07,27.687466,382.23
5.071,27.687466,382.23
5.072,27.687466,382.23
5.073,27.687466,382.23
5.074,27.8983,382.23
5.075,27.687466,382.23
5.076,27.47663,382.23
5.076,27.8983,382.23
-203.159,27.265795,382.23
5.078,27.687466,382.23
5.079,26.844124,382.23
5.08,27.265795,382.23
5.081,27.47663,382.23
5.082,27.265795,382.23
5.083,26.844124,382.23
5.084,27.265795,382.23
5.085,27.05496,382.23
5.086,26.844124,382.23
5.086,26.844124,382.23
5.087,26.63329,382.23
5.088,27.05496,382.23
5.089,27.05496,382.23
5.09,27.265795,382.23
5.091,27.05496,382.23
5.092,27.05496,382.23
5.093,27.05496,382.23
5.094,26.844124,382.23
5.095,27.05496,382.23
5.096,27.47663,382.23
5.098,27.05496,382.23
5.098,27.05496,382.23
5.099,27.265795,382.23
5.1,27.265795,382.23
5.101,27.47663,382.23
5.102,27.05496,382.23
5.103,26.844124,382.23
5.104,27.265795,382.23
5.105,26.844124,382.23
5.106,27.05496,382.23
5.107,27.05496,382.23
5.108,27.265795,382.23
5.108,26.844124,382.23
5.109,26.844124,382.23
5.11,27.05496,382.23
5.111,27.05496,382.23
5.112,26.844124,382.23
5.113,27.265795,382.23
5.114,27.05496,382.23
5.115,27.265795,382.23
5.116,27.265795,382.23
5.117,27.265795,382.23
5.118,27.05496,382.23
5.119,26.844124,382.23
5.119,27.05496,382.23
5.12,26.844124,382.23
5.121,26.844124,382.23
5.122,27.05496,382.23
5.123,26.844124,382.23
5.124,27.05496,382.23
5.125,26.63329,382.23
5.126,27.05496,382.23
5.127,27.05496,382.23
5.128,27.265795,382.23
5.129,27.05496,382.23
5.129,26.844124,382.23
5.13,27.265795,382.23
5.131,27.265795,382.23
5.132,27.47663,382.23
5.133,27.8983,382.23
5.134,27.8983,382.23
5.135,28.530806,382.23
5.136,27.687466,382.23
5.137,27.47663,382.23
5.138,27.47663,382.23
5.139,27.05496,382.23
5.141,27.05496,382.23
5.141,26.63329,382.23
5.142,26.844124,382.23
5.143,27.265795,382.23
5.144,26.63329,382.23
5.145,26.63329,382.23
5.146,26.844124,382.23
5.147,27.265795,382.23
5.148,27.05496,382.23
5.149,27.265795,382.23
5.15,27.05496,382.23
5.151,27.05496,382.23
5.151,26.844124,382.23
5.152,26.844124,382.23
5.153,26.844124,382.23
5.154,27.05496,382.23
5.155,27.05496,382.23
5.156,27.05496,382.23
5.157,26.63329,382.23
5.158,27.05496,382.23
5.159,27.05496,382.23
5.16,26.63329,382.23
5.161,27.05496,382.23
5.162,26.63329,382.23
5.162,26.844124,382.23
5.163,26.844124,382.23
5.164,27.05496,382.23
5.165,26.63329,382.23
5.166,26.844124,382.23
5.167,26.63329,382.23
5.168,26.844124,382.23
5.169,26.63329,382.23
5.17,26.844124,382.23
5.171,26.422455,382.23
5.172,26.63329,382.23
5.172,26.63329,382.23
5.173,26.844124,382.23
5.174,26.422455,382.23
5.175,26.844124,382.23
5.176,26.211618,382.23
5.177,26.211618,382.23
5.178,26.422455,382.23
5.179,26.422455,382.23
5.18,26.63329,382.23
5.181,26.211618,382.23
5.182,26.211618,382.23
5.184,26.63329,382.23
5.184,26.422455,382.23
5.185,26.211618,382.23
5.186,26.63329,382.23
5.187,26.422455,382.23
5.188,26.422455,382.23
5.189,26.422455,382.23
5.19,26.211618,382.23
5.191,26.63329,382.23
5.192,26.422455,382.23
5.193,26.211618,382.23
5.194,26.211618,382.23
5.194,26.211618,382.23
5.195,26.422455,382.23
5.196,26.63329,382.23
5.197,26.000784,382.23
5.198,26.211618,382.23
5.199,26.63329,382.23
5.2,26.422455,382.23
5.201,26.211618,382.23
5.202,26.211618,382.23
5.203,25.78995,382.23
5.204,26.000784,382.23
5.205,26.000784,382.23
5.205,26.211618,382.23
5.206,26.422455,382.23
5.207,26.211618,382.23
5.208,26.211618,382.23
5.209,26.211618,382.23
5.21,26.000784,382.23
5.211,26.422455,382.23
5.212,26.000784,382.23
5.213,26.000784,382.23
5.214,26.211618,382.23
5.215,26.211618,382.23
5.215,26.211618,382.23
5.216,26.000784,382.23
5.217,26.000784,382.23
5.218,25.78995,382.23
5.219,25.78995,382.23
5.22,25.78995,382.23
5.221,25.368279,382.23
5.222,25.579113,382.23
5.223,26.000784,382.23
5.224,25.78995,382.23
5.226,25.78995,382.23
5.227,25.579113,382.23
5.227,25.78995,382.23
5.228,25.579113,382.23
-203.159,25.78995,382.23
5.23,25.579113,382.23
5.231,25.579113,382.23
5.232,25.78995,382.23
5.233,25.579113,382.23
5.234,25.157442,382.23
5.235,25.579113,382.23
5.236,25.78995,382.23
5.237,25.78995,382.23
5.237,25.368279,382.23
5.238,25.157442,382.23
5.239,25.579113,382.23
5.24,25.368279,382.23
5.241,25.579113,382.23
5.242,25.579113,382.23
5.243,25.78995,382.23
5.244,25.157442,382.23
5.245,25.368279,382.23
5.246,25.579113,382.23
5.247,25.157442,382.23
5.248,25.157442,382.23
5.248,25.368279,382.23
5.249,25.368279,382.23
5.25,25.157442,382.23
5.251,25.579113,382.23
5.252,25.579113,382.23
5.253,25.157442,382.23
5.254,25.78995,382.23
5.255,25.368279,382.23
5.256,25.368279,382.23
5.257,25.368279,382.23
5.258,25.368279,382.23
5.258,25.368279,382.23
5.259,25.368279,382.23
5.26,25.579113,382.23
5.261,25.368279,382.23
5.262,25.579113,382.23
5.263,25.579113,382.23
5.264,25.157442,382.23
5.265,25.157442,382.23
5.266,25.368279,382.23
5.267,25.78995,382.23
5.269,25.78995,382.23
5.27,25.368279,382.23
5.27,25.368279,382.23
5.271,25.368279,382.23
5.272,25.368279,382.23
5.273,25.579113,382.23
5.274,25.579113,382.23
5.275,25.579113,382.23
5.276,25.579113,382.23
5.277,25.157442,382.23
5.278,25.368279,382.23
5.279,25.157442,382.23
5.28,25.368279,382.23
5.28,25.157442,382.23
5.281,25.157442,382.23
-203.159,24.946608,382.23
5.283,25.157442,382.23
5.284,25.157442,382.23
5.285,25.157442,382.23
5.286,25.368279,382.23
5.287,25.157442,382.23
5.288,25.157442,382.23
5.289,25.157442,382.23
5.29,25.157442,382.23
5.291,25.368279,382.23
5.291,25.157442,382.23
5.292,25.579113,382.23
5.293,25.579113,382.23
5.294,25.157442,382.23
5.295,25.157442,382.23
5.296,25.157442,382.23
5.297,25.157442,382.23
5.298,24.946608,382.23
5.299,25.157442,382.23
5.3,24.946608,382.23
5.301,24.735773,382.23
5.301,24.735773,382.23
-203.159,25.157442,382.23
5.303,24.735773,382.23
5.304,24.735773,382.23
5.305,24.524937,382.23
5.306,24.735773,382.23
5.307,24.735773,382.23
5.308,25.157442,382.23
5.309,25.368279,382.23
5.31,24.946608,382.23
5.312,24.946608,382.23
5.313,24.946608,382.23
5.313,24.946608,382.23
5.314,24.946608,382.23
5.315,25.157442,382.23
5.316,24.946608,382.23
5.317,24.946608,382.23
5.318,24.735773,382.23
5.319,24.735773,382.23
5.32,24.946608,382.23
5.321,24.946608,382.23
5.322,25.157442,382.23
5.323,24.946608,382.23
5.323,24.735773,382.23
5.324,24.735773,382.23
5.325,24.735773,382.23
5.326,24.735773,382.23
5.327,24.524937,382.23
5.328,24.946608,382.23
5.329,25.157442,382.23
5.33,24.735773,382.23
5.331,24.314102,382.23
5.332,24.524937,382.23
5.333,24.735773,382.23
5.334,24.735773,382.23
5.334,24.735773,382.23
5.335,24.735773,382.23
5.336,24.524937,382.23
5.337,24.946608,382.23
5.338,24.524937,382.23
5.339,24.735773,382.23
5.34,24.314102,382.23
5.341,24.314102,382.23
5.342,24.524937,382.23
5.343,24.314102,382.23
5.344,24.524937,382.23
5.344,24.735773,382.23
5.345,24.524937,382.23
5.346,24.524937,382.23
5.347,23.892431,382.23
5.348,24.314102,382.23
5.349,23.892431,382.23
5.35,24.314102,382.23
5.351,24.314102,382.23
5.352,24.314102,382.23
5.354,24.103268,382.23
5.355,24.735773,382.23
5.356,24.314102,382.23
5.356,24.314102,382.23
5.357,24.103268,382.23
5.358,24.103268,382.23
5.359,24.103268,382.23
5.36,23.681597,382.23
5.361,24.103268,382.23
5.362,24.103268,382.23
5.363,24.314102,382.23
5.364,24.103268,382.23
5.365,24.314102,382.23
5.366,24.103268,382.23
5.366,24.103268,382.23
5.367,23.681597,382.23
5.368,23.681597,382.23
5.369,23.892431,382.23
5.37,24.103268,382.23
5.371,24.735773,382.23
5.372,24.314102,382.23
5.373,24.103268,382.23
5.374,23.892431,382.23
5.375,23.892431,382.23
5.376,24.103268,382.23
5.377,24.103268,382.23
5.377,24.103268,382.23
5.378,23.681597,382.23
5.379,23.681597,382.23
5.38,23.892431,382.23
5.381,23.681597,382.23
5.382,23.470762,382.23
5.383,24.103268,382.23
5.384,23.681597,382.23
5.385,24.103268,382.23
5.386,23.892431,382.23
5.387,23.259926,382.23
5.387,23.681597,382.23
5.388,23.892431,382.23
5.389,23.470762,382.23
5.39,23.681597,382.23
5.391,23.892431,382.23
5.392,23.892431,382.23
5.393,23.470762,382.23
5.394,23.470762,382.23
5.395,23.470762,382.23
5.397,23.259926,382.23
5.398,23.470762,382.23
5.399,23.681597,382.23
5.399,23.049091,382.23
5.4,23.259926,382.23
5.401,23.259926,382.23
5.402,23.681597,382.23
5.403,23.470762,382.23
5.404,23.470762,382.23
5.405,23.259926,382.23
5.406,23.470762,382.23
5.407,23.470762,382.23
5.408,23.470762,382.23
5.409,23.470762,382.23
5.409,23.259926,382.23
5.41,23.259926,382.23
5.411,23.470762,382.23
5.412,23.470762,382.23
5.413,23.470762,382.23
5.414,23.259926,382.23
5.415,23.470762,382.23
5.416,23.470762,382.23
5.417,23.259926,382.23
5.418,23.892431,382.23
5.419,23.681597,382.23
5.42,23.470762,382.23
5.42,23.470762,382.23
5.421,23.470762,382.23
5.422,23.470762,382.23
5.423,23.470762,382.23
5.424,23.470762,382.23
5.425,23.259926,382.23
5.426,23.259926,382.23
5.427,23.259926,382.23
5.428,23.259926,382.23
5.429,23.259926,382.23
5.43,23.259926,382.23
5.43,23.470762,382.23
5.431,23.681597,382.23
5.432,23.259926,382.23
5.433,23.259926,382.23
5.434,22.62742,382.23
5.435,23.259926,382.23
5.436,23.259926,382.23
5.437,23.259926,382.23
5.438,23.049091,382.23
5.44,22.838257,382.23
5.441,22.838257,382.23
5.442,22.62742,382.23
5.442,23.049091,382.23
5.443,23.049091,382.23
5.444,22.838257,382.23
5.445,22.62742,382.23
5.446,23.049091,382.23
5.447,22.838257,382.23
5.448,22.416586,382.23
5.449,22.416586,382.23
5.45,22.62742,382.23
5.451,22.416586,382.23
5.452,22.62742,382.23
5.452,22.416586,382.23
5.453,22.416586,382.23
5.454,22.62742,382.23
5.455,22.62742,382.23
5.456,22.416586,382.23
5.457,22.62742,382.23
5.458,22.20575,382.23
5.459,22.20575,382.23
5.46,21.994915,382.23
5.461,21.78408,382.23
5.462,21.78408,382.23
5.463,22.20575,382.23
5.463,22.20575,382.23
5.464,21.994915,382.23
5.465,22.20575,382.23
5.466,22.416586,382.23
5.467,22.20575,382.23
5.468,21.994915,382.23
5.469,21.994915,382.23
5.47,22.20575,382.23
5.471,21.994915,382.23
5.472,21.78408,382.23
5.473,22.20575,382.23
5.473,21.994915,382.23
5.474,22.20575,382.23
5.475,21.78408,382.23
5.476,21.78408,382.23
5.477,21.994915,382.23
5.478,21.78408,382.23
5.479,21.994915,382.23
5.48,21.994915,382.23
5.482,21.78408,382.23
5.483,21.994915,382.23
5.484,21.573244,382.23
5.485,21.573244,382.23
5.485,21.994915,382.23
5.486,21.994915,382.23
5.487,21.994915,382.23
5.488,21.36241,382.23
5.489,21.151575,382.23
5.49,21.573244,382.23
5.491,21.573244,382.23
5.492,21.573244,382.23
5.493,21.573244,382.23
5.494,21.78408,382.23
5.495,21.151575,382.23
5.495,21.36241,382.23
5.496,21.78408,382.23
5.497,21.573244,382.23
5.498,21.36241,382.23
5.499,21.36241,382.23
5.5,21.573244,382.23
5.501,21.573244,382.23
5.502,21.36241,382.23
5.503,21.36241,382.23
5.504,20.940739,382.23
5.505,21.151575,382.23
5.506,21.151575,382.23
5.506,20.940739,382.23
5.507,21.36241,382.23
5.508,20.729904,382.23
5.509,21.36241,382.23
5.51,21.573244,382.23
5.511,21.36241,382.23
5.512,21.36241,382.23
5.513,20.940739,382.23
5.514,20.940739,382.23
5.515,20.729904,382.23
5.516,21.36241,382.23
5.516,21.36241,382.23
5.517,20.940739,382.23
5.518,21.151575,382.23
5.519,20.940739,382.23
5.52,20.940739,382.23
5.521,21.151575,382.23
5.522,21.151575,382.23
5.523,21.36241,382.23
5.525,21.36241,382.23
5.526,21.151575,382.23
5.527,21.36241,382.23
5.528,20.940739,382.23
5.528,20.940739,382.23
5.529,21.151575,382.23
5.53,21.151575,382.23
5.531,21.151575,382.23
5.532,21.36241,382.23
5.533,21.151575,382.23
5.534,21.151575,382.23
5.535,20.940739,382.23
5.536,21.151575,382.23
5.537,20.940739,382.23
5.538,21.151575,382.23
5.538,20.940739,382.23
5.539,21.36241,382.23
5.54,21.151575,382.23
5.541,21.36241,382.23
5.542,21.151575,382.23
5.543,20.940739,382.23
5.544,20.729904,382.23
5.545,20.729904,382.23
5.546,20.308233,382.23
5.547,20.729904,382.23
5.548,20.51907,382.23
5.549,20.729904,382.23
5.549,20.308233,382.23
5.55,20.51907,382.23
5.551,20.940739,382.23
5.552,20.308233,382.23
5.553,20.308233,382.23
5.554,20.51907,382.23
5.555,20.51907,382.23
5.556,20.308233,382.23
5.557,20.308233,382.23
5.558,20.308233,382.23
5.559,20.097399,382.23
5.559,20.097399,382.23
5.56,20.308233,382.23
5.561,20.308233,382.23
5.562,19.886562,382.23
5.563,20.097399,382.23
5.564,20.097399,382.23
5.565,20.308233,382.23
5.566,20.308233,382.23
5.568,20.097399,382.23
5.569,20.097399,382.23
5.57,20.097399,382.23
5.571,20.097399,382.23
5.571,20.097399,382.23
5.572,19.675728,382.23
-203.159,19.886562,382.23
5.574,19.886562,382.23
5.575,20.308233,382.23
5.576,20.308233,382.23
5.577,19.675728,382.23
5.578,20.097399,382.23
5.579,19.675728,382.23
5.58,19.675728,382.23
5.581,20.097399,382.23
5.581,19.675728,382.23
5.582,19.886562,382.23
5.583,19.886562,382.23
5.584,19.675728,382.23
5.585,20.097399,382.23
5.586,19.886562,382.23
5.587,20.097399,382.23
5.588,19.886562,382.23
5.589,19.886562,382.23
5.59,19.675728,382.23
5.591,19.464893,382.23
5.592,19.464893,382.23
5.592,19.675728,382.23
-203.159,19.254057,382.23
5.594,19.675728,382.23
5.595,19.254057,382.23
5.596,19.464893,382.23
5.597,19.043222,382.23
5.598,19.043222,382.23
5.599,19.043222,382.23
5.6,19.043222,382.23
5.601,19.254057,382.23
5.602,19.254057,382.23
5.602,18.832388,382.23
5.603,19.464893,382.23
5.604,19.675728,382.23
5.605,19.254057,382.23
5.606,19.254057,382.23
5.607,19.254057,382.23
5.608,19.043222,382.23
5.61,19.254057,382.23
5.611,19.043222,382.23
5.612,19.254057,382.23
5.613,19.254057,382.23
5.614,19.043222,382.23
5.614,19.043222,382.23
5.615,19.254057,382.23
5.616,19.043222,382.23
5.617,19.043222,382.23
5.618,19.043222,382.23
5.619,18.832388,382.23
5.62,19.043222,382.23
5.621,18.832388,382.23
5.622,18.621552,382.23
5.623,18.410717,382.23
5.624,18.832388,382.23
5.624,18.621552,382.23
5.625,18.832388,382.23
5.626,19.043222,382.23
5.627,18.621552,382.23
5.628,18.832388,382.23
5.629,18.832388,382.23
5.63,18.621552,382.23
5.631,18.621552,382.23
5.632,18.410717,382.23
5.633,18.621552,382.23
5.634,18.832388,382.23
5.635,18.621552,382.23
5.635,18.621552,382.23
5.636,18.621552,382.23
5.637,18.410717,382.23
5.638,18.832388,382.23
5.639,18.621552,382.23
5.64,19.043222,382.23
5.641,18.832388,382.23
5.642,18.832388,382.23
5.643,18.621552,382.23
5.644,18.621552,382.23
5.645,18.621552,382.23
5.645,18.832388,382.23
5.646,18.621552,382.23
5.647,18.621552,382.23
5.648,18.621552,382.23
5.649,18.410717,382.23
5.65,18.199883,382.23
5.651,18.621552,382.23
5.653,18.621552,382.23
5.654,18.410717,382.23
5.655,18.410717,382.23
5.656,18.621552,382.23
5.657,18.410717,382.23
5.657,18.410717,382.23
5.658,18.410717,382.23
5.659,18.621552,382.23
5.66,18.621552,382.23
5.661,18.199883,382.23
5.662,17.989046,382.23
5.663,18.199883,382.23
5.664,18.199883,382.23
5.665,18.410717,382.23
5.666,17.989046,382.23
5.667,18.199883,382.23
5.667,17.778212,382.23
5.668,18.199883,382.23
5.669,17.778212,382.23
5.67,17.989046,382.23
5.671,17.778212,382.23
5.672,18.199883,382.23
5.673,17.989046,382.23
5.674,17.778212,382.23
5.675,17.778212,382.23
5.676,17.989046,382.23
5.677,17.778212,382.23
5.678,17.778212,382.23
5.678,17.778212,382.23
5.679,17.356543,382.23
5.68,17.567377,382.23
5.681,17.989046,382.23
5.682,17.778212,382.23
5.683,17.567377,382.23
5.684,17.567377,382.23
5.685,17.356543,382.23
5.686,17.567377,382.23
5.687,17.778212,382.23
5.688,17.778212,382.23
5.688,17.567377,382.23
5.689,17.356543,382.23
5.69,17.567377,382.23
5.691,17.567377,382.23
5.692,17.567377,382.23
5.693,17.567377,382.23
5.694,17.567377,382.23
5.696,17.778212,382.23
5.697,17.356543,382.23
5.698,17.567377,382.23
5.699,17.356543,382.23
5.7,17.356543,382.23
5.7,17.567377,382.23
5.701,17.567377,382.23
5.702,17.356543,382.23
5.703,17.778212,382.23
5.704,17.567377,382.23
5.705,17.567377,382.23
5.706,17.567377,382.23
5.707,17.567377,382.23
5.708,17.356543,382.23
5.709,17.356543,382.23
5.71,17.145706,382.23
5.71,17.356543,382.23
5.711,16.934872,382.23
-203.159,17.356543,382.23
5.713,17.145706,382.23
5.714,17.145706,382.23
5.715,16.934872,382.23
5.716,16.934872,382.23
5.717,16.934872,382.23
5.718,17.145706,382.23
5.719,16.724037,382.23
5.72,16.934872,382.23
5.721,16.5132,382.23
5.721,16.5132,382.23
5.722,16.934872,382.23
5.723,16.934872,382.23
5.724,16.724037,382.23
5.725,16.934872,382.23
5.726,17.145706,382.23
5.727,16.5132,382.23
5.728,16.5132,382.23
5.729,15.880695,382.23
5.73,16.091532,382.23
5.731,16.302366,382.23
5.731,16.091532,382.23
-203.159,16.5132,382.23
5.733,16.724037,382.23
5.734,16.724037,382.23
5.735,16.5132,382.23
5.736,16.302366,382.23
5.738,16.5132,382.23
5.739,16.302366,382.23
5.74,15.880695,382.23
5.741,16.091532,382.23
5.742,16.302366,382.23
5.743,16.091532,382.23
5.743,16.302366,382.23
5.744,15.880695,382.23
5.745,15.880695,382.23
5.746,16.302366,382.23
5.747,15.880695,382.23
5.748,16.091532,382.23
5.749,16.5132,382.23
5.75,16.091532,382.23
5.751,16.091532,382.23
5.752,15.880695,382.23
5.753,15.880695,382.23
5.753,15.880695,382.23
5.754,15.459025,382.23
5.755,15.880695,382.23
5.756,16.302366,382.23
5.757,16.302366,382.23
5.758,16.091532,382.23
5.759,15.669861,382.23
5.76,15.880695,382.23
5.761,15.880695,382.23
5.762,15.669861,382.23
5.763,15.459025,382.23
5.764,16.091532,382.23
5.764,16.091532,382.23
5.765,16.091532,382.23
5.766,15.669861,382.23
5.767,15.459025,382.23
5.768,15.669861,382.23
5.769,15.669861,382.23
5.77,15.24819,382.23
5.771,15.459025,382.23
5.772,15.24819,382.23
5.773,15.669861,382.23
5.774,15.669861,382.23
5.774,15.459025,382.23
5.775,15.037355,382.23
5.776,15.24819,382.23
5.777,15.669861,382.23
5.778,15.459025,382.23
5.779,15.669861,382.23
5.781,15.459025,382.23
5.782,15.669861,382.23
5.783,15.459025,382.23
5.784,15.24819,382.23
5.785,15.037355,382.23
5.786,15.037355,382.23
5.786,14.82652,382.23
5.787,15.459025,382.23
5.788,15.459025,382.23
5.789,14.82652,382.23
5.79,15.037355,382.23
5.791,15.24819,382.23
5.792,14.82652,382.23
5.793,14.82652,382.23
5.794,15.037355,382.23
5.795,15.24819,382.23
5.796,15.24819,382.23
5.796,15.037355,382.23
5.797,14.6156845,382.23
5.798,15.037355,382.23
5.799,15.037355,382.23
5.8,14.6156845,382.23
5.801,14.82652,382.23
5.802,14.6156845,382.23
5.803,14.6156845,382.23
5.804,14.82652,382.23
5.805,15.037355,382.23
5.806,14.6156845,382.23
5.807,14.82652,382.23
5.807,14.82652,382.23
5.808,14.82652,382.23
5.809,14.82652,382.23
5.81,14.82652,382.23
5.811,14.6156845,382.23
5.812,14.6156845,382.23
5.813,14.6156845,382.23
5.814,14.6156845,382.23
5.815,14.194014,382.23
5.816,14.404848,382.23
5.817,14.404848,382.23
5.817,14.404848,382.23
5.818,14.404848,382.23
5.819,14.404848,382.23
5.82,14.194014,382.23
5.821,13.983178,382.23
5.822,14.194014,382.23
5.824,14.404848,382.23
5.825,13.983178,382.23
5.826,13.983178,382.23
5.827,13.772343,382.23
5.828,13.561507,382.23
5.829,13.561507,382.23
5.829,13.772343,382.23
5.83,13.561507,382.23
5.831,13.350673,382.23
5.832,13.350673,382.23
5.833,13.561507,382.23
5.834,13.139837,382.23
5.835,13.561507,382.23
5.836,13.772343,382.23
5.837,13.561507,382.23
5.838,13.350673,382.23
5.839,13.772343,382.23
5.84,13.561507,382.23
5.84,13.561507,382.23
5.841,13.561507,382.23
5.842,13.350673,382.23
5.843,13.772343,382.23
5.844,13.350673,382.23
5.845,13.561507,382.23
5.846,13.350673,382.23
5.847,13.350673,382.23
5.848,13.561507,382.23
5.849,13.772343,382.23
5.85,13.983178,382.23
5.85,13.561507,382.23
5.851,13.561507,382.23
5.852,13.772343,382.23
5.853,13.139837,382.23
5.854,13.350673,382.23
5.855,13.350673,382.23
5.856,12.929002,382.23
5.857,13.139837,382.23
5.858,13.139837,382.23
5.859,12.929002,382.23
5.86,13.139837,382.23
5.861,12.929002,382.23
5.861,13.350673,382.23
5.862,13.139837,382.23
5.863,13.139837,382.23
5.864,13.139837,382.23
5.866,13.139837,382.23
5.867,12.507332,382.23
5.868,12.718167,382.23
5.869,13.139837,382.23
5.87,13.139837,382.23
5.871,13.139837,382.23
5.872,12.507332,382.23
5.872,12.507332,382.23
5.873,13.139837,382.23
5.874,13.139837,382.23
5.875,12.929002,382.23
5.876,12.718167,382.23
5.877,12.507332,382.23
5.878,12.507332,382.23
5.879,12.507332,382.23
5.88,12.718167,382.23
5.881,12.718167,382.23
5.882,12.296496,382.23
5.883,12.507332,382.23
5.883,12.507332,382.23
5.884,12.296496,382.23
5.885,12.085661,382.23
5.886,11.874826,382.23
5.887,12.085661,382.23
5.888,12.085661,382.23
5.889,12.507332,382.23
5.89,12.296496,382.23
5.891,12.296496,382.23
5.892,12.507332,382.23
5.893,12.085661,382.23
5.893,11.874826,382.23
5.894,12.085661,382.23
5.895,12.507332,382.23
5.896,12.296496,382.23
5.897,12.507332,382.23
5.898,12.085661,382.23
5.899,12.085661,382.23
5.9,11.874826,382.23
5.901,11.663991,382.23
5.902,12.085661,382.23
5.903,11.874826,382.23
5.904,12.296496,382.23
5.904,12.085661,382.23
5.905,12.085661,382.23
5.906,12.085661,382.23
5.907,11.663991,382.23
5.909,11.663991,382.23
5.91,11.663991,382.23
5.911,11.663991,382.23
5.912,11.242321,382.23
5.913,11.4531555,382.23
5.914,11.4531555,382.23
5.915,11.663991,382.23
5.915,11.663991,382.23
5.916,11.242321,382.23
5.917,11.242321,382.23
5.918,11.031486,382.23
5.919,11.4531555,382.23
5.92,11.242321,382.23
5.921,11.4531555,382.23
5.922,11.663991,382.23
5.923,11.4531555,382.23
5.924,11.4531555,382.23
5.925,11.663991,382.23
5.926,11.4531555,382.23
5.926,11.4531555,382.23
5.927,11.663991,382.23
5.928,11.663991,382.23
5.929,11.4531555,382.23
5.93,11.663991,382.23
5.931,11.4531555,382.23
5.932,11.4531555,382.23
5.933,11.4531555,382.23
5.934,11.4531555,382.23
5.935,11.663991,382.23
5.936,11.4531555,382.23
5.936,11.4531555,382.23
5.937,11.031486,382.23
5.938,11.242321,382.23
5.939,11.031486,382.23
5.94,11.242321,382.23
5.941,10.82065,382.23
5.942,11.4531555,382.23
5.943,11.663991,382.23
5.944,11.031486,382.23
5.945,11.031486,382.23
5.946,11.242321,382.23
5.947,11.242321,382.23
5.947,11.242321,382.23
5.948,11.031486,382.23
5.949,11.031486,382.23
5.95,11.242321,382.23
5.952,10.82065,382.23
5.953,10.82065,382.23
5.954,11.031486,382.23
5.955,10.609815,382.23
5.956,10.82065,382.23
5.957,10.82065,382.23
5.958,11.031486,382.23
5.958,11.031486,382.23
5.959,10.82065,382.23
5.96,11.031486,382.23
5.961,10.609815,382.23
5.962,10.609815,382.23
5.963,11.031486,382.23
5.964,10.82065,382.23
5.965,10.82065,382.23
5.966,11.031486,382.23
5.967,11.031486,382.23
5.968,10.609815,382.23
5.969,10.39898,382.23
5.969,10.609815,382.23
5.97,10.609815,382.23
5.971,10.609815,382.23
5.972,10.188145,382.23
5.973,10.609815,382.23
5.974,10.609815,382.23
5.975,10.39898,382.23
5.976,10.39898,382.23
5.977,10.39898,382.23
5.978,10.188145,382.23
5.979,10.39898,382.23
5.979,10.188145,382.23
5.98,10.188145,382.23
5.981,10.188145,382.23
5.982,10.188145,382.23
5.983,9.977309,382.23
5.984,9.977309,382.23
5.985,10.39898,382.23
5.986,10.609815,382.23
5.987,9.977309,382.23
5.988,10.188145,382.23
5.989,9.766475,382.23
5.99,10.188145,382.23
5.99,10.188145,382.23
5.991,9.977309,382.23
5.992,9.766475,382.23
5.994,10.188145,382.23
5.995,10.188145,382.23
5.996,10.188145,382.23
5.997,10.39898,382.23
5.998,10.188145,382.23
5.999,10.188145,382.23
6.0,10.188145,382.23
6.001,9.766475,382.23
6.001,9.977309,382.23
6.002,9.766475,382.23
6.003,9.766475,382.23
6.004,10.188145,382.23
6.005,9.766475,382.23
6.006,9.977309,382.23
6.007,9.977309,382.23
6.008,9.766475,382.23
6.009,9.766475,382.23
6.01,9.766475,382.23
6.011,9.977309,382.23
6.012,9.977309,382.23
6.012,9.766475,382.23
6.013,9.766475,382.23
6.014,9.977309,382.23
6.015,9.977309,382.23
6.016,9.766475,382.23
6.017,9.766475,382.23
6.018,9.766475,382.23
6.019,9.555639,382.23
6.02,9.555639,382.23
6.021,9.766475,382.23
6.022,9.555639,382.23
6.022,9.555639,382.23
6.023,9.555639,382.23
6.024,9.555639,382.23
6.025,8.923134,382.23
6.026,9.133968,382.23
6.027,9.133968,382.23
6.028,9.133968,382.23
6.029,8.923134,382.23
6.03,8.923134,382.23
6.031,8.923134,382.23
6.032,9.133968,382.23
6.033,8.923134,382.23
6.033,8.923134,382.23
6.034,8.923134,382.23
6.035,8.923134,382.23
6.037,8.923134,382.23
6.038,8.923134,382.23
6.039,8.712298,382.23
6.04,8.712298,382.23
6.041,8.712298,382.23
6.042,8.712298,382.23
6.043,8.923134,382.23
6.044,8.923134,382.23
6.044,8.923134,382.23
6.045,9.133968,382.23
6.046,9.133968,382.23
6.047,9.133968,382.23
6.048,8.923134,382.23
6.049,8.712298,382.23
6.05,8.923134,382.23
6.051,8.712298,382.23
6.052,8.712298,382.23
6.053,8.923134,382.23
6.054,8.501463,382.23
6.055,8.712298,382.23
6.055,8.923134,382.23
-203.159,8.923134,382.23
6.057,8.712298,382.23
6.058,8.501463,382.23
6.059,8.712298,382.23
6.06,8.712298,382.23
6.061,8.501463,382.23
6.062,8.2906275,382.23
6.063,8.501463,382.23
6.064,8.501463,382.23
6.065,8.712298,382.23
6.065,8.501463,382.23
6.066,8.712298,382.23
6.067,8.712298,382.23
6.068,8.923134,382.23
6.069,8.712298,382.23
6.07,8.501463,382.23
6.071,8.2906275,382.23
6.072,8.2906275,382.23
6.073,8.501463,382.23
6.074,8.501463,382.23
6.075,8.712298,382.23
6.076,8.712298,382.23
6.076,8.501463,382.23
6.077,8.501463,382.23
6.078,8.501463,382.23
6.08,8.2906275,382.23
6.081,8.2906275,382.23
6.082,8.079793,382.23
6.083,8.079793,382.23
6.084,8.2906275,382.23
6.085,8.079793,382.23
6.086,8.2906275,382.23
6.087,8.079793,382.23
6.087,8.2906275,382.23
6.088,8.079793,382.23
6.089,8.079793,382.23
6.09,7.8689575,382.23
6.091,8.2906275,382.23
6.092,8.2906275,382.23
6.093,8.079793,382.23
6.094,7.6581225,382.23
6.095,8.079793,382.23
6.096,8.079793,382.23
6.097,7.8689575,382.23
6.098,8.079793,382.23
6.098,8.079793,382.23
6.099,7.8689575,382.23
6.1,8.079793,382.23
6.101,8.079793,382.23
6.102,8.079793,382.23
6.103,7.8689575,382.23
6.104,8.079793,382.23
6.105,7.447287,382.23
6.106,8.079793,382.23
6.107,7.8689575,382.23
6.108,8.079793,382.23
6.108,7.8689575,382.23
6.109,8.079793,382.23
6.11,8.079793,382.23
6.111,7.8689575,382.23
6.112,7.8689575,382.23
6.113,7.8689575,382.23
6.114,8.2906275,382.23
6.115,7.8689575,382.23
6.116,7.6581225,382.23
6.117,7.8689575,382.23
6.118,8.079793,382.23
6.119,8.079793,382.23
6.119,7.447287,382.23
6.12,7.6581225,382.23
6.122,7.8689575,382.23
6.123,7.8689575,382.23
6.124,7.6581225,382.23
6.125,7.8689575,382.23
6.126,8.079793,382.23
6.127,7.8689575,382.23
6.128,7.6581225,382.23
6.129,7.6581225,382.23
6.13,7.8689575,382.23
6.13,7.447287,382.23
6.131,7.6581225,382.23
6.132,7.6581225,382.23
6.133,7.8689575,382.23
6.134,7.6581225,382.23
6.135,7.6581225,382.23
6.136,7.6581225,382.23
6.137,7.6581225,382.23
6.138,7.6581225,382.23
6.139,7.236452,382.23
6.14,7.236452,382.23
6.141,7.6581225,382.23
6.141,7.236452,382.23
6.142,7.447287,382.23
6.143,7.236452,382.23
6.144,7.0256166,382.23
6.145,7.236452,382.23
6.146,7.6581225,382.23
6.147,7.447287,382.23
6.148,7.447287,382.23
6.149,7.0256166,382.23
6.15,7.236452,382.23
6.151,7.236452,382.23
6.151,7.236452,382.23
6.152,7.447287,382.23
6.153,7.236452,382.23
6.154,7.236452,382.23
6.155,6.8147817,382.23
6.156,7.0256166,382.23
6.157,7.236452,382.23
6.158,7.0256166,382.23
6.159,7.236452,382.23
6.16,7.447287,382.23
6.161,7.447287,382.23
6.162,7.0256166,382.23
6.162,7.0256166,382.23
6.163,7.447287,382.23
6.165,7.236452,382.23
6.166,7.0256166,382.23
6.167,7.0256166,382.23
6.168,7.236452,382.23
6.169,6.8147817,382.23
6.17,7.236452,382.23
6.171,6.8147817,382.23
6.172,7.0256166,382.23
6.173,6.8147817,382.23
6.173,6.8147817,382.23
6.174,6.8147817,382.23
6.175,7.0256166,382.23
6.176,7.0256166,382.23
6.177,7.236452,382.23
6.178,7.0256166,382.23
6.179,6.603946,382.23
6.18,6.8147817,382.23
6.181,6.8147817,382.23
6.182,6.603946,382.23
6.183,6.603946,382.23
6.184,6.603946,382.23
6.184,7.0256166,382.23
6.185,6.8147817,382.23
6.186,6.8147817,382.23
6.187,6.8147817,382.23
6.188,6.603946,382.23
6.189,6.393111,382.23
6.19,6.1822762,382.23
6.191,6.8147817,382.23
6.192,6.603946,382.23
6.193,6.603946,382.23
6.194,6.603946,382.23
6.194,6.603946,382.23
6.195,6.603946,382.23
6.196,6.8147817,382.23
6.197,6.8147817,382.23
6.198,6.603946,382.23
6.199,6.393111,382.23
6.2,6.393111,382.23
6.201,6.393111,382.23
6.202,6.393111,382.23
6.203,6.393111,382.23
6.204,6.393111,382.23
6.205,6.393111,382.23
6.205,6.393111,382.23
6.206,6.1822762,382.23
-203.159,6.393111,382.23
6.209,6.1822762,382.23
6.21,6.393111,382.23
6.211,6.393111,382.23
6.212,6.393111,382.23
6.213,6.393111,382.23
6.214,6.393111,382.23
6.215,6.393111,382.23
6.216,6.603946,382.23
6.216,6.8147817,382.23
6.217,6.603946,382.23
6.218,6.393111,382.23
6.219,6.603946,382.23
6.22,6.393111,382.23
6.221,6.1822762,382.23
6.222,5.971441,382.23
6.223,5.971441,382.23
6.224,5.971441,382.23
6.225,5.971441,382.23
6.226,6.1822762,382.23
6.227,5.971441,382.23
6.227,6.1822762,382.23
-203.159,6.1822762,382.23
6.229,5.971441,382.23
6.23,6.1822762,382.23
6.231,5.5497694,382.23
6.232,6.1822762,382.23
6.233,5.971441,382.23
6.234,5.760606,382.23
6.235,5.5497694,382.23
6.236,5.5497694,382.23
6.237,5.760606,382.23
6.237,5.3389344,382.23
6.238,5.971441,382.23
6.239,5.760606,382.23
6.24,5.760606,382.23
6.241,5.760606,382.23
6.242,5.5497694,382.23
6.243,5.760606,382.23
6.244,5.3389344,382.23
6.245,5.3389344,382.23
6.246,5.760606,382.23
6.247,5.5497694,382.23
6.248,5.3389344,382.23
6.248,5.3389344,382.23
6.25,5.128099,382.23
6.251,5.128099,382.23
6.252,5.5497694,382.23
6.253,5.3389344,382.23
6.254,5.128099,382.23
6.255,5.3389344,382.23
6.256,5.3389344,382.23
6.257,5.3389344,382.23
6.258,5.3389344,382.23
6.259,5.3389344,382.23
6.259,5.128099,382.23
6.26,5.3389344,382.23
6.261,5.3389344,382.23
6.262,5.128099,382.23
6.263,4.917264,382.23
6.264,5.128099,382.23
6.265,5.3389344,382.23
6.266,5.5497694,382.23
6.267,5.128099,382.23
6.268,4.917264,382.23
6.269,5.128099,382.23
6.27,5.128099,382.23
6.27,5.5497694,382.23
6.271,5.128099,382.23
6.272,4.917264,382.23
6.273,4.917264,382.23
6.274,5.128099,382.23
6.275,4.917264,382.23
6.276,5.3389344,382.23
6.277,5.128099,382.23
6.278,5.5497694,382.23
6.279,5.128099,382.23
6.28,5.128099,382.23
6.28,5.128099,382.23
6.281,5.128099,382.23
6.282,5.128099,382.23
6.283,5.3389344,382.23
6.284,5.128099,382.23
6.285,5.3389344,382.23
6.286,4.917264,382.23
6.287,5.128099,382.23
6.288,4.7064285,382.23
6.289,4.917264,382.23
6.29,4.917264,382.23
6.291,4.7064285,382.23
6.291,5.128099,382.23
6.293,4.917264,382.23
6.294,4.917264,382.23
6.295,5.128099,382.23
6.296,5.128099,382.23
6.297,5.3389344,382.23
6.298,4.917264,382.23
6.299,4.4955935,382.23
6.3,4.2847586,382.23
6.301,4.4955935,382.23
6.302,4.4955935,382.23
6.302,4.4955935,382.23
6.303,4.0739236,382.23
6.304,4.0739236,382.23
6.305,4.0739236,382.23
6.306,3.8630881,382.23
6.307,4.0739236,382.23
6.308,4.2847586,382.23
6.309,4.4955935,382.23
6.31,4.7064285,382.23
6.311,4.4955935,382.23
6.312,4.4955935,382.23
6.313,4.0739236,382.23
6.313,4.2847586,382.23
6.314,4.2847586,382.23
6.315,4.7064285,382.23
6.316,4.2847586,382.23
6.317,4.2847586,382.23
6.318,4.4955935,382.23
6.319,4.2847586,382.23
6.32,4.2847586,382.23
6.321,4.4955935,382.23
6.322,3.8630881,382.23
6.323,4.2847586,382.23
6.323,4.4955935,382.23
6.324,4.2847586,382.23
6.325,4.2847586,382.23
6.326,4.7064285,382.23
6.327,4.0739236,382.23
6.328,4.2847586,382.23
6.329,4.4955935,382.23
6.33,4.2847586,382.23
6.331,4.0739236,382.23
6.332,4.0739236,382.23
6.333,3.8630881,382.23
6.334,4.0739236,382.23
6.334,4.0739236,382.23
6.336,4.2847586,382.23
6.337,3.8630881,382.23
6.338,4.0739236,382.23
6.339,4.2847586,382.23
6.34,4.2847586,382.23
6.341,4.2847586,382.23
6.342,4.0739236,382.23
6.343,3.652253,382.23
6.344,4.0739236,382.23
6.345,4.0739236,382.23
6.345,3.8630881,382.23
6.346,4.0739236,382.23
6.347,3.8630881,382.23
6.348,4.2847586,382.23
6.349,3.8630881,382.23
6.35,4.0739236,382.23
6.351,4.0739236,382.23
6.352,4.0739236,382.23
6.353,3.8630881,382.23
6.354,3.652253,382.23
6.355,3.652253,382.23
6.356,3.652253,382.23
6.356,3.652253,382.23
6.357,3.652253,382.23
6.358,3.8630881,382.23
6.359,3.8630881,382.23
6.36,3.652253,382.23
6.361,3.8630881,382.23
6.362,3.652253,382.23
6.363,3.652253,382.23
6.364,4.0739236,382.23
6.365,3.652253,382.23
6.366,3.652253,382.23
6.366,3.652253,382.23
6.367,3.441418,382.23
6.368,3.441418,382.23
6.369,3.8630881,382.23
6.37,3.652253,382.23
6.371,3.8630881,382.23
6.372,3.441418,382.23
6.373,3.652253,382.23
6.374,3.441418,382.23
6.375,3.652253,382.23
6.376,3.652253,382.23
6.378,3.652253,382.23
6.378,3.441418,382.23
6.379,3.652253,382.23
6.38,3.441418,382.23
6.381,3.652253,382.23
6.382,3.441418,382.23
6.383,3.8630881,382.23
6.384,3.2305827,382.23
6.385,3.441418,382.23
6.386,3.652253,382.23
6.387,3.652253,382.23
6.388,3.652253,382.23
6.388,3.652253,382.23
6.389,3.441418,382.23
6.39,3.652253,382.23
6.391,3.441418,382.23
6.392,3.2305827,382.23
6.393,3.441418,382.23
6.394,3.2305827,382.23
6.395,3.652253,382.23
6.396,3.652253,382.23
6.397,3.8630881,382.23
6.398,3.441418,382.23
6.399,3.441418,382.23
6.399,3.8630881,382.23
6.4,3.441418,382.23
6.401,3.441418,382.23
6.402,3.652253,382.23
6.403,3.652253,382.23
6.404,3.652253,382.23
6.405,3.441418,382.23
6.406,3.441418,382.23
6.407,3.2305827,382.23
6.408,3.2305827,382.23
6.409,3.2305827,382.23
6.409,3.441418,382.23
6.41,3.441418,382.23
6.411,2.8089123,382.23
6.412,3.441418,382.23
6.413,3.441418,382.23
6.414,3.2305827,382.23
6.415,3.2305827,382.23
6.416,3.2305827,382.23
6.417,3.441418,382.23
6.418,3.2305827,382.23
6.419,3.2305827,382.23
6.421,3.2305827,382.23
6.421,3.441418,382.23
6.422,3.0197475,382.23
6.423,3.2305827,382.23
6.424,3.2305827,382.23
6.425,3.0197475,382.23
6.426,3.441418,382.23
6.427,3.2305827,382.23
6.428,3.0197475,382.23
6.429,3.2305827,382.23
6.43,3.2305827,382.23
6.431,3.2305827,382.23
6.431,2.8089123,382.23
6.432,3.0197475,382.23
6.433,3.0197475,382.23
6.434,3.2305827,382.23
6.435,3.2305827,382.23
6.436,3.441418,382.23
6.437,3.2305827,382.23
6.438,3.0197475,382.23
6.439,2.8089123,382.23
6.44,2.8089123,382.23
6.441,2.8089123,382.23
6.442,2.8089123,382.23
6.442,3.0197475,382.23
6.443,2.8089123,382.23
6.444,3.2305827,382.23
6.445,3.0197475,382.23
6.446,2.598077,382.23
6.447,2.598077,382.23
6.448,2.8089123,382.23
6.449,3.0197475,382.23
6.45,3.0197475,382.23
6.451,3.0197475,382.23
6.452,2.8089123,382.23
6.452,2.8089123,382.23
-203.159,3.0197475,382.23
6.454,2.8089123,382.23
6.455,2.8089123,382.23
6.456,2.598077,382.23
6.457,2.8089123,382.23
6.458,2.598077,382.23
6.459,2.598077,382.23
6.46,2.3872418,382.23
6.461,2.8089123,382.23
6.462,3.0197475,382.23
6.464,2.598077,382.23
6.464,2.598077,382.23
6.465,2.598077,382.23
6.466,2.8089123,382.23
6.467,2.8089123,382.23
6.468,2.8089123,382.23
6.469,1.9655715,382.23
6.47,2.3872418,382.23
6.471,2.598077,382.23
6.472,2.598077,382.23
6.473,2.598077,382.23
6.474,2.598077,382.23
6.474,2.598077,382.23
6.475,2.598077,382.23
6.476,2.8089123,382.23
6.477,2.8089123,382.23
6.478,2.1764066,382.23
6.479,2.598077,382.23
6.48,2.598077,382.23
6.481,2.3872418,382.23
6.482,2.598077,382.23
6.483,2.598077,382.23
6.484,2.3872418,382.23
6.485,2.598077,382.23
6.485,2.8089123,382.23
6.486,2.3872418,382.23
6.487,2.598077,382.23
6.488,2.598077,382.23
6.489,2.598077,382.23
6.49,2.598077,382.23
6.491,2.3872418,382.23
6.492,2.598077,382.23
6.493,2.3872418,382.23
6.494,2.1764066,382.23
6.495,2.598077,382.23
6.495,2.598077,382.23
6.496,2.8089123,382.23
6.497,2.3872418,382.23
6.498,2.3872418,382.23
6.499,2.3872418,382.23
6.5,2.1764066,382.23
6.501,1.9655715,382.23
6.502,2.1764066,382.23
6.503,2.3872418,382.23
6.504,2.1764066,382.23
6.506,2.1764066,382.23
6.507,2.3872418,382.23
6.507,2.3872418,382.23
6.508,2.3872418,382.23
6.509,2.1764066,382.23
6.51,2.1764066,382.23
6.511,2.1764066,382.23
6.512,1.9655715,382.23
6.513,1.9655715,382.23
6.514,1.9655715,382.23
6.515,1.9655715,382.23
6.516,1.7547363,382.23
6.517,1.7547363,382.23
6.517,1.9655715,382.23
6.518,1.9655715,382.23
6.519,1.9655715,382.23
6.52,1.9655715,382.23
6.521,1.9655715,382.23
6.522,1.7547363,382.23
6.523,1.9655715,382.23
6.524,1.9655715,382.23
6.525,1.7547363,382.23
6.526,1.9655715,382.23
6.527,1.9655715,382.23
6.528,2.1764066,382.23
6.528,2.1764066,382.23
6.529,1.9655715,382.23
6.53,1.7547363,382.23
6.531,1.7547363,382.23
6.532,1.7547363,382.23
6.533,1.7547363,382.23
6.534,1.9655715,382.23
6.535,1.9655715,382.23
6.536,1.9655715,382.23
6.537,1.7547363,382.23
6.538,1.5439011,382.23
6.538,1.7547363,382.23
-203.159,1.5439011,382.23
6.54,1.9655715,382.23
6.541,1.7547363,382.23
6.542,1.9655715,382.23
6.543,1.7547363,382.23
6.544,1.9655715,382.23
6.545,1.9655715,382.23
6.546,1.5439011,382.23
6.547,1.7547363,382.23
6.549,1.7547363,382.23
6.55,1.7547363,382.23
6.55,1.5439011,382.23
6.551,1.7547363,382.23
6.552,1.7547363,382.23
6.553,1.7547363,382.23
6.554,1.5439011,382.23
6.555,1.333066,382.23
6.556,1.7547363,382.23
6.557,1.7547363,382.23
6.558,1.5439011,382.23
6.559,1.333066,382.23
6.56,1.7547363,382.23
6.56,1.5439011,382.23
6.561,1.7547363,382.23
6.562,1.7547363,382.23
6.563,1.7547363,382.23
6.564,1.5439011,382.23
6.565,1.5439011,382.23
6.566,1.5439011,382.23
6.567,1.5439011,382.23
6.568,1.5439011,382.23
6.569,1.5439011,382.23
6.57,1.5439011,382.23
6.571,1.5439011,382.23
6.571,1.1222305,382.23
6.572,1.333066,382.23
6.573,1.333066,382.23
6.574,1.5439011,382.23
6.575,1.5439011,382.23
6.576,1.333066,382.23
6.577,1.333066,382.23
6.578,1.5439011,382.23
6.579,1.5439011,382.23
6.58,1.5439011,382.23
6.581,1.5439011,382.23
6.581,1.1222305,382.23
6.582,1.5439011,382.23
6.583,1.333066,382.23
6.584,0.9113953,382.23
6.585,1.1222305,382.23
6.586,1.333066,382.23
6.587,1.333066,382.23
6.588,1.333066,382.23
6.589,1.1222305,382.23
6.59,1.1222305,382.23
6.592,1.1222305,382.23
6.593,1.333066,382.23
6.593,1.1222305,382.23
6.594,1.1222305,382.23
6.595,0.9113953,382.23
6.596,1.1222305,382.23
6.597,1.333066,382.23
6.598,1.1222305,382.23
6.599,1.333066,382.23
6.6,0.9113953,382.23
6.601,0.9113953,382.23
6.602,1.1222305,382.23
6.603,0.9113953,382.23
6.603,0.9113953,382.23
6.604,0.9113953,382.23
-203.159,0.9113953,382.23
6.606,0.9113953,382.23
6.607,0.7005601,382.23
6.608,0.7005601,382.23
6.609,0.48972493,382.23
6.61,0.9113953,382.23
6.611,0.9113953,382.23
6.612,0.7005601,382.23
6.613,0.9113953,382.23
6.614,0.9113953,382.23
6.614,0.9113953,382.23
6.615,0.7005601,382.23
6.616,0.7005601,382.23
6.617,0.9113953,382.23
6.618,0.9113953,382.23
6.619,0.9113953,382.23
6.62,0.48972493,382.23
6.621,0.7005601,382.23
6.622,0.7005601,382.23
6.623,0.48972493,382.23
6.624,0.48972493,382.23
6.624,0.7005601,382.23
-203.159,0.7005601,382.23
6.626,0.7005601,382.23
6.627,0.7005601,382.23
6.628,0.7005601,382.23
6.629,0.7005601,382.23
6.63,0.7005601,382.23
6.631,0.48972493,382.23
6.632,0.7005601,382.23
6.634,0.48972493,382.23
6.635,0.48972493,382.23
6.636,0.27888975,382.23
6.636,0.7005601,382.23
6.637,0.7005601,382.23
6.638,0.7005601,382.23
6.639,0.48972493,382.23
6.64,0.27888975,382.23
6.641,0.27888975,382.23
6.642,0.48972493,382.23
6.643,0.48972493,382.23
6.644,0.27888975,382.23
6.645,0.27888975,382.23
6.646,0.48972493,382.23
6.646,0.06805456,382.23
6.647,0.48972493,382.23
6.648,0.27888975,382.23
6.649,0.48972493,382.23
6.65,0.06805456,382.23
6.651,0.27888975,382.23
6.652,0.27888975,382.23
6.653,0.27888975,382.23
6.654,0.06805456,382.23
6.655,0.48972493,382.23
6.656,0.27888975,382.23
6.657,0.27888975,382.23
6.657,0.06805456,382.23
6.658,0.06805456,382.23
6.659,0.27888975,382.23
6.66,0.27888975,382.23
6.662,0.06805456,382.23
6.663,0.06805456,382.23
6.664,0.27888975,382.23
6.665,0.48972493,382.23
6.666,0.48972493,382.23
6.667,0.48972493,382.23
6.667,0.27888975,382.23
6.668,0.06805456,382.23
6.669,0.06805456,382.23
6.67,0.06805456,382.23
6.672,0.06805456,382.23
6.673,0.06805456,382.23
6.674,0.06805456,382.23
6.675,0.27888975,382.23
6.677,0.27888975,382.23
6.678,0.27888975,382.23
6.679,0.27888975,382.23
6.681,0.06805456,382.23
6.683,0.06805456,382.23
6.684,0.06805456,382.23
6.685,0.27888975,382.23
6.686,0.27888975,382.23
6.687,0.27888975,382.23
6.688,0.27888975,382.23
6.689,0.48972493,382.23
6.689,0.27888975,382.23
6.69,0.27888975,382.23
6.691,0.06805456,382.23
6.692,0.06805456,382.23
6.693,0.27888975,382.23
6.694,0.06805456,382.23
6.696,0.06805456,382.23
6.697,0.06805456,382.23
6.699,0.06805456,382.23
6.703,0.06805456,382.23
6.704,0.06805456,382.23
6.705,0.06805456,382.23
6.706,0.27888975,382.23
6.707,0.06805456,382.23
6.708,0.06805456,382.23
6.713,0.06805456,382.23
6.716,0.06805456,382.23
6.721,0.06805456,382.23
6.722,0.06805456,382.23
6.729,0.06805456,382.23
6.732,0.06805456,382.23
6.735,0.06805456,382.23
-203.159,0.06805456,382.23
